Time,Execution Time,,Processor,RAM Size
Thu Nov 26 14:47:38 2020,0.10439109802246094,,1.4 GHz Quad-Core Intel Core i5,8 GB 2133 MHz
Thu Nov 26 14:47:39 2020,0.11676383018493652,,1.4 GHz Quad-Core Intel Core i5,8 GB 2133 MHz
Thu Nov 26 14:47:40 2020,0.10669803619384766,,1.4 GHz Quad-Core Intel Core i5,8 GB 2133 MHz
Thu Nov 26 14:47:41 2020,0.1035308837890625,,1.4 GHz Quad-Core Intel Core i5,8 GB 2133 MHz
Thu Nov 26 14:47:42 2020,0.099778175,,1.4 GHz Quad-Core Intel Core i5,8 GB 2133 MHz
Thu Nov 26 14:47:44 2020,0.10819411277770996,,1.4 GHz Quad-Core Intel Core i5,8 GB 2133 MHz
Thu Nov 26 14:47:45 2020,0.1055138111114502,,1.4 GHz Quad-Core Intel Core i5,8 GB 2133 MHz
Thu Nov 26 14:47:46 2020,0.10954689979553223,,1.4 GHz Quad-Core Intel Core i5,8 GB 2133 MHz
Thu Nov 26 14:47:47 2020,0.11144495010375977,,1.4 GHz Quad-Core Intel Core i5,8 GB 2133 MHz
Thu Nov 26 14:47:48 2020,0.10962605476379395,,1.4 GHz Quad-Core Intel Core i5,8 GB 2133 MHz
Thu Nov 26 14:47:49 2020,0.10892701148986816,,1.4 GHz Quad-Core Intel Core i5,8 GB 2133 MHz
Thu Nov 26 14:47:50 2020,0.10005593299865723,,1.4 GHz Quad-Core Intel Core i5,8 GB 2133 MHz
Thu Nov 26 14:47:51 2020,0.1048440933227539,,1.4 GHz Quad-Core Intel Core i5,8 GB 2133 MHz
Thu Nov 26 14:47:52 2020,0.10713696479797363,,1.4 GHz Quad-Core Intel Core i5,8 GB 2133 MHz
Thu Nov 26 14:47:54 2020,0.10684895515441895,,1.4 GHz Quad-Core Intel Core i5,8 GB 2133 MHz
Thu Nov 26 14:47:55 2020,0.10911107063293457,,1.4 GHz Quad-Core Intel Core i5,8 GB 2133 MHz
Thu Nov 26 14:47:56 2020,0.10511398315429688,,1.4 GHz Quad-Core Intel Core i5,8 GB 2133 MHz
Thu Nov 26 14:47:57 2020,0.10620379447937012,,1.4 GHz Quad-Core Intel Core i5,8 GB 2133 MHz
Thu Nov 26 14:47:58 2020,0.10726690292358398,,1.4 GHz Quad-Core Intel Core i5,8 GB 2133 MHz
Thu Nov 26 14:47:59 2020,0.10846900939941406,,1.4 GHz Quad-Core Intel Core i5,8 GB 2133 MHz
Thu Nov 26 14:48:00 2020,0.10535311698913574,,1.4 GHz Quad-Core Intel Core i5,8 GB 2133 MHz
Thu Nov 26 14:48:01 2020,0.1028280258178711,,1.4 GHz Quad-Core Intel Core i5,8 GB 2133 MHz
Thu Nov 26 14:48:02 2020,0.10891008377075195,,1.4 GHz Quad-Core Intel Core i5,8 GB 2133 MHz
Thu Nov 26 14:48:04 2020,0.11184978485107422,,1.4 GHz Quad-Core Intel Core i5,8 GB 2133 MHz
Thu Nov 26 14:48:05 2020,0.11020302772521973,,1.4 GHz Quad-Core Intel Core i5,8 GB 2133 MHz
Thu Nov 26 14:48:06 2020,0.10093998908996582,,1.4 GHz Quad-Core Intel Core i5,8 GB 2133 MHz
Thu Nov 26 14:48:07 2020,0.11185264587402344,,1.4 GHz Quad-Core Intel Core i5,8 GB 2133 MHz
Thu Nov 26 14:48:08 2020,0.12341713905334473,,1.4 GHz Quad-Core Intel Core i5,8 GB 2133 MHz
Thu Nov 26 14:48:09 2020,0.101989746,,1.4 GHz Quad-Core Intel Core i5,8 GB 2133 MHz
Thu Nov 26 14:48:10 2020,0.11124777793884277,,1.4 GHz Quad-Core Intel Core i5,8 GB 2133 MHz
Thu Nov 26 14:48:11 2020,0.10857772827148438,,1.4 GHz Quad-Core Intel Core i5,8 GB 2133 MHz
Thu Nov 26 14:48:12 2020,0.11141586303710938,,1.4 GHz Quad-Core Intel Core i5,8 GB 2133 MHz
Thu Nov 26 14:48:14 2020,0.1038060188293457,,1.4 GHz Quad-Core Intel Core i5,8 GB 2133 MHz
Thu Nov 26 14:48:15 2020,0.10368013381958008,,1.4 GHz Quad-Core Intel Core i5,8 GB 2133 MHz
Thu Nov 26 14:48:16 2020,0.10091090202331543,,1.4 GHz Quad-Core Intel Core i5,8 GB 2133 MHz
Thu Nov 26 14:48:17 2020,0.10972785949707031,,1.4 GHz Quad-Core Intel Core i5,8 GB 2133 MHz
Thu Nov 26 14:48:18 2020,0.10390281677246094,,1.4 GHz Quad-Core Intel Core i5,8 GB 2133 MHz
Thu Nov 26 14:48:19 2020,0.10567402839660645,,1.4 GHz Quad-Core Intel Core i5,8 GB 2133 MHz
Thu Nov 26 14:48:20 2020,0.10478615760803223,,1.4 GHz Quad-Core Intel Core i5,8 GB 2133 MHz
Thu Nov 26 14:48:21 2020,0.10210704803466797,,1.4 GHz Quad-Core Intel Core i5,8 GB 2133 MHz
Thu Nov 26 14:48:22 2020,0.10740900039672852,,1.4 GHz Quad-Core Intel Core i5,8 GB 2133 MHz
Thu Nov 26 14:48:24 2020,0.10581517219543457,,1.4 GHz Quad-Core Intel Core i5,8 GB 2133 MHz
Thu Nov 26 14:48:25 2020,0.099613905,,1.4 GHz Quad-Core Intel Core i5,8 GB 2133 MHz
Thu Nov 26 14:48:26 2020,0.1370561122894287,,1.4 GHz Quad-Core Intel Core i5,8 GB 2133 MHz
Thu Nov 26 14:48:27 2020,0.10907602310180664,,1.4 GHz Quad-Core Intel Core i5,8 GB 2133 MHz
Thu Nov 26 14:48:28 2020,0.1000676155090332,,1.4 GHz Quad-Core Intel Core i5,8 GB 2133 MHz
Thu Nov 26 14:48:29 2020,0.10221529006958008,,1.4 GHz Quad-Core Intel Core i5,8 GB 2133 MHz
Thu Nov 26 14:48:30 2020,0.11649608612060547,,1.4 GHz Quad-Core Intel Core i5,8 GB 2133 MHz
Thu Nov 26 14:48:31 2020,0.10550928115844727,,1.4 GHz Quad-Core Intel Core i5,8 GB 2133 MHz
Thu Nov 26 14:48:32 2020,0.1021120548248291,,1.4 GHz Quad-Core Intel Core i5,8 GB 2133 MHz
Thu Nov 26 14:48:34 2020,0.10793805122375488,,1.4 GHz Quad-Core Intel Core i5,8 GB 2133 MHz
Thu Nov 26 14:48:35 2020,0.10863995552062988,,1.4 GHz Quad-Core Intel Core i5,8 GB 2133 MHz
Thu Nov 26 14:48:36 2020,0.11835885047912598,,1.4 GHz Quad-Core Intel Core i5,8 GB 2133 MHz
Thu Nov 26 14:48:37 2020,0.10368084907531738,,1.4 GHz Quad-Core Intel Core i5,8 GB 2133 MHz
Thu Nov 26 14:48:38 2020,0.11392402648925781,,1.4 GHz Quad-Core Intel Core i5,8 GB 2133 MHz
Thu Nov 26 14:48:39 2020,0.092918873,,1.4 GHz Quad-Core Intel Core i5,8 GB 2133 MHz
Thu Nov 26 14:48:40 2020,0.10774993896484375,,1.4 GHz Quad-Core Intel Core i5,8 GB 2133 MHz
Thu Nov 26 14:48:41 2020,0.10965299606323242,,1.4 GHz Quad-Core Intel Core i5,8 GB 2133 MHz
Thu Nov 26 14:48:42 2020,0.10507702827453613,,1.4 GHz Quad-Core Intel Core i5,8 GB 2133 MHz
Thu Nov 26 14:48:44 2020,0.1130533218383789,,1.4 GHz Quad-Core Intel Core i5,8 GB 2133 MHz
Thu Nov 26 14:48:45 2020,0.10652613639831543,,1.4 GHz Quad-Core Intel Core i5,8 GB 2133 MHz
Thu Nov 26 14:48:46 2020,0.10092592239379883,,1.4 GHz Quad-Core Intel Core i5,8 GB 2133 MHz
Thu Nov 26 14:48:47 2020,0.1063380241394043,,1.4 GHz Quad-Core Intel Core i5,8 GB 2133 MHz
Thu Nov 26 14:48:48 2020,0.099134922,,1.4 GHz Quad-Core Intel Core i5,8 GB 2133 MHz
Thu Nov 26 14:48:49 2020,0.10573005676269531,,1.4 GHz Quad-Core Intel Core i5,8 GB 2133 MHz
Thu Nov 26 14:48:50 2020,0.10643625259399414,,1.4 GHz Quad-Core Intel Core i5,8 GB 2133 MHz
Thu Nov 26 14:48:51 2020,0.12795591354370117,,1.4 GHz Quad-Core Intel Core i5,8 GB 2133 MHz
Thu Nov 26 14:48:52 2020,0.10263872146606445,,1.4 GHz Quad-Core Intel Core i5,8 GB 2133 MHz
Thu Nov 26 14:48:54 2020,0.09883976,,1.4 GHz Quad-Core Intel Core i5,8 GB 2133 MHz
Thu Nov 26 14:48:55 2020,0.10454702377319336,,1.4 GHz Quad-Core Intel Core i5,8 GB 2133 MHz
Thu Nov 26 14:48:56 2020,0.1045069694519043,,1.4 GHz Quad-Core Intel Core i5,8 GB 2133 MHz
Thu Nov 26 14:48:57 2020,0.10169196128845215,,1.4 GHz Quad-Core Intel Core i5,8 GB 2133 MHz
Thu Nov 26 14:48:58 2020,0.1049950122833252,,1.4 GHz Quad-Core Intel Core i5,8 GB 2133 MHz
Thu Nov 26 14:48:59 2020,0.1023249626159668,,1.4 GHz Quad-Core Intel Core i5,8 GB 2133 MHz
Thu Nov 26 14:49:00 2020,0.10673713684082031,,1.4 GHz Quad-Core Intel Core i5,8 GB 2133 MHz
Thu Nov 26 14:49:01 2020,0.11326313018798828,,1.4 GHz Quad-Core Intel Core i5,8 GB 2133 MHz
Thu Nov 26 14:49:02 2020,0.11601805686950684,,1.4 GHz Quad-Core Intel Core i5,8 GB 2133 MHz
Thu Nov 26 14:49:04 2020,0.1052999496459961,,1.4 GHz Quad-Core Intel Core i5,8 GB 2133 MHz
Thu Nov 26 14:49:05 2020,0.10360097885131836,,1.4 GHz Quad-Core Intel Core i5,8 GB 2133 MHz
Thu Nov 26 14:49:06 2020,0.10177803039550781,,1.4 GHz Quad-Core Intel Core i5,8 GB 2133 MHz
Thu Nov 26 14:49:07 2020,0.1074838638305664,,1.4 GHz Quad-Core Intel Core i5,8 GB 2133 MHz
Thu Nov 26 14:49:08 2020,0.10097312927246094,,1.4 GHz Quad-Core Intel Core i5,8 GB 2133 MHz
Thu Nov 26 14:49:09 2020,0.11360573768615723,,1.4 GHz Quad-Core Intel Core i5,8 GB 2133 MHz
Thu Nov 26 14:49:10 2020,0.1052248477935791,,1.4 GHz Quad-Core Intel Core i5,8 GB 2133 MHz
Thu Nov 26 14:49:11 2020,0.10667896270751953,,1.4 GHz Quad-Core Intel Core i5,8 GB 2133 MHz
Thu Nov 26 14:49:12 2020,0.10959506034851074,,1.4 GHz Quad-Core Intel Core i5,8 GB 2133 MHz
Thu Nov 26 14:49:14 2020,0.10897493362426758,,1.4 GHz Quad-Core Intel Core i5,8 GB 2133 MHz
Thu Nov 26 14:49:15 2020,0.10155701637268066,,1.4 GHz Quad-Core Intel Core i5,8 GB 2133 MHz
Thu Nov 26 14:49:16 2020,0.10713601112365723,,1.4 GHz Quad-Core Intel Core i5,8 GB 2133 MHz
Thu Nov 26 14:49:17 2020,0.10910701751708984,,1.4 GHz Quad-Core Intel Core i5,8 GB 2133 MHz
Thu Nov 26 14:49:18 2020,0.10185027122497559,,1.4 GHz Quad-Core Intel Core i5,8 GB 2133 MHz
Thu Nov 26 14:49:19 2020,0.10324978828430176,,1.4 GHz Quad-Core Intel Core i5,8 GB 2133 MHz
Thu Nov 26 14:49:20 2020,0.10965704917907715,,1.4 GHz Quad-Core Intel Core i5,8 GB 2133 MHz
Thu Nov 26 14:49:21 2020,0.10573387145996094,,1.4 GHz Quad-Core Intel Core i5,8 GB 2133 MHz
Thu Nov 26 14:49:22 2020,0.10300326347351074,,1.4 GHz Quad-Core Intel Core i5,8 GB 2133 MHz
Thu Nov 26 14:49:24 2020,0.1101996898651123,,1.4 GHz Quad-Core Intel Core i5,8 GB 2133 MHz
Thu Nov 26 14:49:25 2020,0.1121220588684082,,1.4 GHz Quad-Core Intel Core i5,8 GB 2133 MHz
Thu Nov 26 14:49:26 2020,0.099585056,,1.4 GHz Quad-Core Intel Core i5,8 GB 2133 MHz
Thu Nov 26 14:49:27 2020,0.10404467582702637,,1.4 GHz Quad-Core Intel Core i5,8 GB 2133 MHz
Thu Nov 26 14:49:28 2020,0.10683107376098633,,1.4 GHz Quad-Core Intel Core i5,8 GB 2133 MHz
Thu Nov 26 14:49:29 2020,0.10453915596008301,,1.4 GHz Quad-Core Intel Core i5,8 GB 2133 MHz
Thu Nov 26 14:49:30 2020,0.10272693634033203,,1.4 GHz Quad-Core Intel Core i5,8 GB 2133 MHz
Thu Nov 26 14:49:31 2020,0.1031181812286377,,1.4 GHz Quad-Core Intel Core i5,8 GB 2133 MHz
Thu Nov 26 14:49:32 2020,0.10828018188476562,,1.4 GHz Quad-Core Intel Core i5,8 GB 2133 MHz
Thu Nov 26 14:49:33 2020,0.1029350757598877,,1.4 GHz Quad-Core Intel Core i5,8 GB 2133 MHz
Thu Nov 26 14:49:35 2020,0.11251306533813477,,1.4 GHz Quad-Core Intel Core i5,8 GB 2133 MHz
Thu Nov 26 14:49:36 2020,0.1066439151763916,,1.4 GHz Quad-Core Intel Core i5,8 GB 2133 MHz
Thu Nov 26 14:49:37 2020,0.10394978523254395,,1.4 GHz Quad-Core Intel Core i5,8 GB 2133 MHz
Thu Nov 26 14:49:38 2020,0.10218501091003418,,1.4 GHz Quad-Core Intel Core i5,8 GB 2133 MHz
Thu Nov 26 14:49:39 2020,0.10783100128173828,,1.4 GHz Quad-Core Intel Core i5,8 GB 2133 MHz
Thu Nov 26 14:49:40 2020,0.10615396499633789,,1.4 GHz Quad-Core Intel Core i5,8 GB 2133 MHz
Thu Nov 26 14:49:41 2020,0.10642123222351074,,1.4 GHz Quad-Core Intel Core i5,8 GB 2133 MHz
Thu Nov 26 14:49:42 2020,0.10121321678161621,,1.4 GHz Quad-Core Intel Core i5,8 GB 2133 MHz
Thu Nov 26 14:49:43 2020,0.10362505912780762,,1.4 GHz Quad-Core Intel Core i5,8 GB 2133 MHz
Thu Nov 26 14:49:45 2020,0.10968494415283203,,1.4 GHz Quad-Core Intel Core i5,8 GB 2133 MHz
Thu Nov 26 14:49:46 2020,0.10704684257507324,,1.4 GHz Quad-Core Intel Core i5,8 GB 2133 MHz
Thu Nov 26 14:49:47 2020,0.10136532783508301,,1.4 GHz Quad-Core Intel Core i5,8 GB 2133 MHz
Thu Nov 26 14:49:48 2020,0.1085202693939209,,1.4 GHz Quad-Core Intel Core i5,8 GB 2133 MHz
Thu Nov 26 14:49:49 2020,0.10766100883483887,,1.4 GHz Quad-Core Intel Core i5,8 GB 2133 MHz
Thu Nov 26 14:49:50 2020,0.099054813,,1.4 GHz Quad-Core Intel Core i5,8 GB 2133 MHz
Thu Nov 26 14:49:51 2020,0.10582804679870605,,1.4 GHz Quad-Core Intel Core i5,8 GB 2133 MHz
Thu Nov 26 14:49:52 2020,0.1044149398803711,,1.4 GHz Quad-Core Intel Core i5,8 GB 2133 MHz
Thu Nov 26 14:49:53 2020,0.10188913345336914,,1.4 GHz Quad-Core Intel Core i5,8 GB 2133 MHz
Thu Nov 26 14:49:55 2020,0.10114908218383789,,1.4 GHz Quad-Core Intel Core i5,8 GB 2133 MHz
Thu Nov 26 14:49:56 2020,0.11543011665344238,,1.4 GHz Quad-Core Intel Core i5,8 GB 2133 MHz
Thu Nov 26 14:49:57 2020,0.10413217544555664,,1.4 GHz Quad-Core Intel Core i5,8 GB 2133 MHz
Thu Nov 26 14:49:58 2020,0.10268783569335938,,1.4 GHz Quad-Core Intel Core i5,8 GB 2133 MHz
Thu Nov 26 14:49:59 2020,0.10657572746276855,,1.4 GHz Quad-Core Intel Core i5,8 GB 2133 MHz
Thu Nov 26 14:50:00 2020,0.10053706169128418,,1.4 GHz Quad-Core Intel Core i5,8 GB 2133 MHz
Thu Nov 26 14:50:01 2020,0.10464787483215332,,1.4 GHz Quad-Core Intel Core i5,8 GB 2133 MHz
Thu Nov 26 14:50:02 2020,0.10183596611022949,,1.4 GHz Quad-Core Intel Core i5,8 GB 2133 MHz
Thu Nov 26 14:50:03 2020,0.10616707801818848,,1.4 GHz Quad-Core Intel Core i5,8 GB 2133 MHz
Thu Nov 26 14:50:05 2020,0.10412907600402832,,1.4 GHz Quad-Core Intel Core i5,8 GB 2133 MHz
Thu Nov 26 14:50:06 2020,0.10733675956726074,,1.4 GHz Quad-Core Intel Core i5,8 GB 2133 MHz
Thu Nov 26 14:50:07 2020,0.11023473739624023,,1.4 GHz Quad-Core Intel Core i5,8 GB 2133 MHz
Thu Nov 26 14:50:08 2020,0.10188913345336914,,1.4 GHz Quad-Core Intel Core i5,8 GB 2133 MHz
Thu Nov 26 14:50:09 2020,0.1001589298248291,,1.4 GHz Quad-Core Intel Core i5,8 GB 2133 MHz
Thu Nov 26 14:50:10 2020,0.10433602333068848,,1.4 GHz Quad-Core Intel Core i5,8 GB 2133 MHz
Thu Nov 26 14:50:11 2020,0.10884904861450195,,1.4 GHz Quad-Core Intel Core i5,8 GB 2133 MHz
Thu Nov 26 14:50:12 2020,0.1080629825592041,,1.4 GHz Quad-Core Intel Core i5,8 GB 2133 MHz
Thu Nov 26 14:50:13 2020,0.11440706253051758,,1.4 GHz Quad-Core Intel Core i5,8 GB 2133 MHz
Thu Nov 26 14:50:15 2020,0.10254383087158203,,1.4 GHz Quad-Core Intel Core i5,8 GB 2133 MHz
Thu Nov 26 14:50:16 2020,0.10733294486999512,,1.4 GHz Quad-Core Intel Core i5,8 GB 2133 MHz
Thu Nov 26 14:50:17 2020,0.11029410362243652,,1.4 GHz Quad-Core Intel Core i5,8 GB 2133 MHz
Thu Nov 26 14:50:18 2020,0.10708212852478027,,1.4 GHz Quad-Core Intel Core i5,8 GB 2133 MHz
Thu Nov 26 14:50:19 2020,0.10443806648254395,,1.4 GHz Quad-Core Intel Core i5,8 GB 2133 MHz
Thu Nov 26 14:50:20 2020,0.10356020927429199,,1.4 GHz Quad-Core Intel Core i5,8 GB 2133 MHz
Thu Nov 26 14:50:21 2020,0.10564398765563965,,1.4 GHz Quad-Core Intel Core i5,8 GB 2133 MHz
Thu Nov 26 14:50:22 2020,0.10517597198486328,,1.4 GHz Quad-Core Intel Core i5,8 GB 2133 MHz
Thu Nov 26 14:50:23 2020,0.099022865,,1.4 GHz Quad-Core Intel Core i5,8 GB 2133 MHz
Thu Nov 26 14:50:24 2020,0.11404705047607422,,1.4 GHz Quad-Core Intel Core i5,8 GB 2133 MHz
Thu Nov 26 14:50:26 2020,0.10371923446655273,,1.4 GHz Quad-Core Intel Core i5,8 GB 2133 MHz
Thu Nov 26 14:50:27 2020,0.1067359447479248,,1.4 GHz Quad-Core Intel Core i5,8 GB 2133 MHz
Thu Nov 26 14:50:28 2020,0.10692715644836426,,1.4 GHz Quad-Core Intel Core i5,8 GB 2133 MHz
Thu Nov 26 14:50:29 2020,0.11169600486755371,,1.4 GHz Quad-Core Intel Core i5,8 GB 2133 MHz
Thu Nov 26 14:50:30 2020,0.10665607452392578,,1.4 GHz Quad-Core Intel Core i5,8 GB 2133 MHz
Thu Nov 26 14:50:31 2020,0.11159610748291016,,1.4 GHz Quad-Core Intel Core i5,8 GB 2133 MHz
Thu Nov 26 14:50:32 2020,0.097863913,,1.4 GHz Quad-Core Intel Core i5,8 GB 2133 MHz
Thu Nov 26 14:50:33 2020,0.10600805282592773,,1.4 GHz Quad-Core Intel Core i5,8 GB 2133 MHz
Thu Nov 26 14:50:34 2020,0.11128091812133789,,1.4 GHz Quad-Core Intel Core i5,8 GB 2133 MHz
Thu Nov 26 14:50:36 2020,0.10277605056762695,,1.4 GHz Quad-Core Intel Core i5,8 GB 2133 MHz
Thu Nov 26 14:50:37 2020,0.10735392570495605,,1.4 GHz Quad-Core Intel Core i5,8 GB 2133 MHz
Thu Nov 26 14:50:38 2020,0.10355997085571289,,1.4 GHz Quad-Core Intel Core i5,8 GB 2133 MHz
Thu Nov 26 14:50:39 2020,0.1048431396484375,,1.4 GHz Quad-Core Intel Core i5,8 GB 2133 MHz
Thu Nov 26 14:50:40 2020,0.1017000675201416,,1.4 GHz Quad-Core Intel Core i5,8 GB 2133 MHz
Thu Nov 26 14:50:41 2020,0.10895109176635742,,1.4 GHz Quad-Core Intel Core i5,8 GB 2133 MHz
Thu Nov 26 14:50:42 2020,0.10367417335510254,,1.4 GHz Quad-Core Intel Core i5,8 GB 2133 MHz
Thu Nov 26 14:50:43 2020,0.1110222339630127,,1.4 GHz Quad-Core Intel Core i5,8 GB 2133 MHz
Thu Nov 26 14:50:44 2020,0.11202001571655273,,1.4 GHz Quad-Core Intel Core i5,8 GB 2133 MHz
Thu Nov 26 14:50:46 2020,0.10683608055114746,,1.4 GHz Quad-Core Intel Core i5,8 GB 2133 MHz
Thu Nov 26 14:50:47 2020,0.10203289985656738,,1.4 GHz Quad-Core Intel Core i5,8 GB 2133 MHz
Thu Nov 26 14:50:48 2020,0.099530935,,1.4 GHz Quad-Core Intel Core i5,8 GB 2133 MHz
Thu Nov 26 14:50:49 2020,0.1151878833770752,,1.4 GHz Quad-Core Intel Core i5,8 GB 2133 MHz
Thu Nov 26 14:50:50 2020,0.10660886764526367,,1.4 GHz Quad-Core Intel Core i5,8 GB 2133 MHz
Thu Nov 26 14:50:51 2020,0.1027982234954834,,1.4 GHz Quad-Core Intel Core i5,8 GB 2133 MHz
Thu Nov 26 14:50:52 2020,0.11079287528991699,,1.4 GHz Quad-Core Intel Core i5,8 GB 2133 MHz
Thu Nov 26 14:50:53 2020,0.10875892639160156,,1.4 GHz Quad-Core Intel Core i5,8 GB 2133 MHz
Thu Nov 26 14:50:54 2020,0.10863900184631348,,1.4 GHz Quad-Core Intel Core i5,8 GB 2133 MHz
Thu Nov 26 14:50:56 2020,0.10569095611572266,,1.4 GHz Quad-Core Intel Core i5,8 GB 2133 MHz
Thu Nov 26 14:50:57 2020,0.10713005065917969,,1.4 GHz Quad-Core Intel Core i5,8 GB 2133 MHz
Thu Nov 26 14:50:58 2020,0.1080169677734375,,1.4 GHz Quad-Core Intel Core i5,8 GB 2133 MHz
Thu Nov 26 14:50:59 2020,0.1033179759979248,,1.4 GHz Quad-Core Intel Core i5,8 GB 2133 MHz
Thu Nov 26 14:51:00 2020,0.11913704872131348,,1.4 GHz Quad-Core Intel Core i5,8 GB 2133 MHz
Thu Nov 26 14:51:01 2020,0.10663795471191406,,1.4 GHz Quad-Core Intel Core i5,8 GB 2133 MHz
Thu Nov 26 14:51:02 2020,0.10680103302001953,,1.4 GHz Quad-Core Intel Core i5,8 GB 2133 MHz
Thu Nov 26 14:51:03 2020,0.10063481330871582,,1.4 GHz Quad-Core Intel Core i5,8 GB 2133 MHz
Thu Nov 26 14:51:04 2020,0.10658407211303711,,1.4 GHz Quad-Core Intel Core i5,8 GB 2133 MHz
Thu Nov 26 14:51:06 2020,0.10865402221679688,,1.4 GHz Quad-Core Intel Core i5,8 GB 2133 MHz
Thu Nov 26 14:51:07 2020,0.10927009582519531,,1.4 GHz Quad-Core Intel Core i5,8 GB 2133 MHz
Thu Nov 26 14:51:08 2020,0.10524582862854004,,1.4 GHz Quad-Core Intel Core i5,8 GB 2133 MHz
Thu Nov 26 14:51:09 2020,0.10107898712158203,,1.4 GHz Quad-Core Intel Core i5,8 GB 2133 MHz
Thu Nov 26 14:51:10 2020,0.10457205772399902,,1.4 GHz Quad-Core Intel Core i5,8 GB 2133 MHz
Thu Nov 26 14:51:11 2020,0.11261677742004395,,1.4 GHz Quad-Core Intel Core i5,8 GB 2133 MHz
Thu Nov 26 14:51:12 2020,0.10957074165344238,,1.4 GHz Quad-Core Intel Core i5,8 GB 2133 MHz
Thu Nov 26 14:51:13 2020,0.10300779342651367,,1.4 GHz Quad-Core Intel Core i5,8 GB 2133 MHz
Thu Nov 26 14:51:14 2020,0.10831403732299805,,1.4 GHz Quad-Core Intel Core i5,8 GB 2133 MHz
Thu Nov 26 14:51:16 2020,0.10949707,,1.4 GHz Quad-Core Intel Core i5,8 GB 2133 MHz
Thu Nov 26 14:51:17 2020,0.1068122386932373,,1.4 GHz Quad-Core Intel Core i5,8 GB 2133 MHz
Thu Nov 26 14:51:18 2020,0.10387420654296875,,1.4 GHz Quad-Core Intel Core i5,8 GB 2133 MHz
Thu Nov 26 14:51:19 2020,0.10731196403503418,,1.4 GHz Quad-Core Intel Core i5,8 GB 2133 MHz
Thu Nov 26 14:51:20 2020,0.10151505470275879,,1.4 GHz Quad-Core Intel Core i5,8 GB 2133 MHz
Thu Nov 26 14:51:21 2020,0.11991596221923828,,1.4 GHz Quad-Core Intel Core i5,8 GB 2133 MHz
Thu Nov 26 14:51:22 2020,0.1116950511932373,,1.4 GHz Quad-Core Intel Core i5,8 GB 2133 MHz
Thu Nov 26 14:51:23 2020,0.11287808418273926,,1.4 GHz Quad-Core Intel Core i5,8 GB 2133 MHz
Thu Nov 26 14:51:24 2020,0.10943007469177246,,1.4 GHz Quad-Core Intel Core i5,8 GB 2133 MHz
Thu Nov 26 14:51:26 2020,0.11125016212463379,,1.4 GHz Quad-Core Intel Core i5,8 GB 2133 MHz
Thu Nov 26 14:51:27 2020,0.10144519805908203,,1.4 GHz Quad-Core Intel Core i5,8 GB 2133 MHz
Thu Nov 26 14:51:28 2020,0.11233282089233398,,1.4 GHz Quad-Core Intel Core i5,8 GB 2133 MHz
Thu Nov 26 14:51:29 2020,0.10505294799804688,,1.4 GHz Quad-Core Intel Core i5,8 GB 2133 MHz
Thu Nov 26 14:51:30 2020,0.10536003112792969,,1.4 GHz Quad-Core Intel Core i5,8 GB 2133 MHz
Thu Nov 26 14:51:31 2020,0.098752975,,1.4 GHz Quad-Core Intel Core i5,8 GB 2133 MHz
Thu Nov 26 14:51:32 2020,0.11003994941711426,,1.4 GHz Quad-Core Intel Core i5,8 GB 2133 MHz
Thu Nov 26 14:51:33 2020,0.098932028,,1.4 GHz Quad-Core Intel Core i5,8 GB 2133 MHz
Thu Nov 26 14:51:34 2020,0.10769414901733398,,1.4 GHz Quad-Core Intel Core i5,8 GB 2133 MHz
Thu Nov 26 14:51:36 2020,0.11261200904846191,,1.4 GHz Quad-Core Intel Core i5,8 GB 2133 MHz
Thu Nov 26 14:51:37 2020,0.11008405685424805,,1.4 GHz Quad-Core Intel Core i5,8 GB 2133 MHz
Thu Nov 26 14:51:38 2020,0.10826802253723145,,1.4 GHz Quad-Core Intel Core i5,8 GB 2133 MHz
Thu Nov 26 14:51:39 2020,0.10422682762145996,,1.4 GHz Quad-Core Intel Core i5,8 GB 2133 MHz
Thu Nov 26 14:51:40 2020,0.10469579696655273,,1.4 GHz Quad-Core Intel Core i5,8 GB 2133 MHz
Thu Nov 26 14:51:41 2020,0.10247087478637695,,1.4 GHz Quad-Core Intel Core i5,8 GB 2133 MHz
Thu Nov 26 14:51:42 2020,0.10228896141052246,,1.4 GHz Quad-Core Intel Core i5,8 GB 2133 MHz
Thu Nov 26 14:51:43 2020,0.10312509536743164,,1.4 GHz Quad-Core Intel Core i5,8 GB 2133 MHz
Thu Nov 26 14:51:44 2020,0.10609936714172363,,1.4 GHz Quad-Core Intel Core i5,8 GB 2133 MHz
Thu Nov 26 14:51:46 2020,0.1040949821472168,,1.4 GHz Quad-Core Intel Core i5,8 GB 2133 MHz
Thu Nov 26 14:51:47 2020,0.10235023498535156,,1.4 GHz Quad-Core Intel Core i5,8 GB 2133 MHz
Thu Nov 26 14:51:48 2020,0.10453987121582031,,1.4 GHz Quad-Core Intel Core i5,8 GB 2133 MHz
Thu Nov 26 14:51:49 2020,0.1121978759765625,,1.4 GHz Quad-Core Intel Core i5,8 GB 2133 MHz
Thu Nov 26 14:51:50 2020,0.1026601791381836,,1.4 GHz Quad-Core Intel Core i5,8 GB 2133 MHz
Thu Nov 26 14:51:51 2020,0.10926270484924316,,1.4 GHz Quad-Core Intel Core i5,8 GB 2133 MHz
Thu Nov 26 14:51:52 2020,0.11151385307312012,,1.4 GHz Quad-Core Intel Core i5,8 GB 2133 MHz
Thu Nov 26 14:51:53 2020,0.11517691612243652,,1.4 GHz Quad-Core Intel Core i5,8 GB 2133 MHz
Thu Nov 26 14:51:54 2020,0.11026906967163086,,1.4 GHz Quad-Core Intel Core i5,8 GB 2133 MHz
Thu Nov 26 14:51:55 2020,0.1053628921508789,,1.4 GHz Quad-Core Intel Core i5,8 GB 2133 MHz
Thu Nov 26 14:51:57 2020,0.1083371639251709,,1.4 GHz Quad-Core Intel Core i5,8 GB 2133 MHz
Thu Nov 26 14:51:58 2020,0.10354876518249512,,1.4 GHz Quad-Core Intel Core i5,8 GB 2133 MHz
Thu Nov 26 14:51:59 2020,0.10677289962768555,,1.4 GHz Quad-Core Intel Core i5,8 GB 2133 MHz
Thu Nov 26 14:52:00 2020,0.11040806770324707,,1.4 GHz Quad-Core Intel Core i5,8 GB 2133 MHz
Thu Nov 26 14:52:01 2020,0.10854887962341309,,1.4 GHz Quad-Core Intel Core i5,8 GB 2133 MHz
Thu Nov 26 14:52:02 2020,0.10669803619384766,,1.4 GHz Quad-Core Intel Core i5,8 GB 2133 MHz
Thu Nov 26 14:52:03 2020,0.10956883430480957,,1.4 GHz Quad-Core Intel Core i5,8 GB 2133 MHz
Thu Nov 26 14:52:04 2020,0.10701227188110352,,1.4 GHz Quad-Core Intel Core i5,8 GB 2133 MHz
Thu Nov 26 14:52:06 2020,0.11707282066345215,,1.4 GHz Quad-Core Intel Core i5,8 GB 2133 MHz
Thu Nov 26 14:52:07 2020,0.10894894599914551,,1.4 GHz Quad-Core Intel Core i5,8 GB 2133 MHz
Thu Nov 26 14:52:08 2020,0.096491814,,1.4 GHz Quad-Core Intel Core i5,8 GB 2133 MHz
Thu Nov 26 14:52:09 2020,0.1050102710723877,,1.4 GHz Quad-Core Intel Core i5,8 GB 2133 MHz
Thu Nov 26 14:52:10 2020,0.11221790313720703,,1.4 GHz Quad-Core Intel Core i5,8 GB 2133 MHz
Thu Nov 26 14:52:11 2020,0.11371803283691406,,1.4 GHz Quad-Core Intel Core i5,8 GB 2133 MHz
Thu Nov 26 14:52:12 2020,0.1078798770904541,,1.4 GHz Quad-Core Intel Core i5,8 GB 2133 MHz
Thu Nov 26 14:52:13 2020,0.11111927032470703,,1.4 GHz Quad-Core Intel Core i5,8 GB 2133 MHz
Thu Nov 26 14:52:14 2020,0.10994410514831543,,1.4 GHz Quad-Core Intel Core i5,8 GB 2133 MHz
Thu Nov 26 14:52:15 2020,0.11008906364440918,,1.4 GHz Quad-Core Intel Core i5,8 GB 2133 MHz
Thu Nov 26 14:52:17 2020,0.10776805877685547,,1.4 GHz Quad-Core Intel Core i5,8 GB 2133 MHz
Thu Nov 26 14:52:18 2020,0.10772514343261719,,1.4 GHz Quad-Core Intel Core i5,8 GB 2133 MHz
Thu Nov 26 14:52:19 2020,0.10110092163085938,,1.4 GHz Quad-Core Intel Core i5,8 GB 2133 MHz
Thu Nov 26 14:52:20 2020,0.10590314865112305,,1.4 GHz Quad-Core Intel Core i5,8 GB 2133 MHz
Thu Nov 26 14:52:21 2020,0.10113406181335449,,1.4 GHz Quad-Core Intel Core i5,8 GB 2133 MHz
Thu Nov 26 14:52:22 2020,0.11324381828308105,,1.4 GHz Quad-Core Intel Core i5,8 GB 2133 MHz
Thu Nov 26 14:52:23 2020,0.10902905464172363,,1.4 GHz Quad-Core Intel Core i5,8 GB 2133 MHz
Thu Nov 26 14:52:24 2020,0.098386049,,1.4 GHz Quad-Core Intel Core i5,8 GB 2133 MHz
Thu Nov 26 14:52:25 2020,0.1084139347076416,,1.4 GHz Quad-Core Intel Core i5,8 GB 2133 MHz
Thu Nov 26 14:52:27 2020,0.11116814613342285,,1.4 GHz Quad-Core Intel Core i5,8 GB 2133 MHz
Thu Nov 26 14:52:28 2020,0.10066008567810059,,1.4 GHz Quad-Core Intel Core i5,8 GB 2133 MHz
Thu Nov 26 14:52:29 2020,0.10747790336608887,,1.4 GHz Quad-Core Intel Core i5,8 GB 2133 MHz
Thu Nov 26 14:52:30 2020,0.10883712768554688,,1.4 GHz Quad-Core Intel Core i5,8 GB 2133 MHz
Thu Nov 26 14:52:31 2020,0.10445070266723633,,1.4 GHz Quad-Core Intel Core i5,8 GB 2133 MHz
Thu Nov 26 14:52:32 2020,0.10335826873779297,,1.4 GHz Quad-Core Intel Core i5,8 GB 2133 MHz
Thu Nov 26 14:52:33 2020,0.10247397422790527,,1.4 GHz Quad-Core Intel Core i5,8 GB 2133 MHz
Thu Nov 26 14:52:34 2020,0.10411190986633301,,1.4 GHz Quad-Core Intel Core i5,8 GB 2133 MHz
Thu Nov 26 14:52:35 2020,0.10731983184814453,,1.4 GHz Quad-Core Intel Core i5,8 GB 2133 MHz
Thu Nov 26 14:52:37 2020,0.11544013023376465,,1.4 GHz Quad-Core Intel Core i5,8 GB 2133 MHz
Thu Nov 26 14:52:38 2020,0.10720515251159668,,1.4 GHz Quad-Core Intel Core i5,8 GB 2133 MHz
Thu Nov 26 14:52:39 2020,0.10250997543334961,,1.4 GHz Quad-Core Intel Core i5,8 GB 2133 MHz
Thu Nov 26 14:52:40 2020,0.1055300235748291,,1.4 GHz Quad-Core Intel Core i5,8 GB 2133 MHz
Thu Nov 26 14:52:41 2020,0.11150312423706055,,1.4 GHz Quad-Core Intel Core i5,8 GB 2133 MHz
Thu Nov 26 14:52:42 2020,0.11675691604614258,,1.4 GHz Quad-Core Intel Core i5,8 GB 2133 MHz
Thu Nov 26 14:52:43 2020,0.11588239669799805,,1.4 GHz Quad-Core Intel Core i5,8 GB 2133 MHz
Thu Nov 26 14:52:44 2020,0.10641098022460938,,1.4 GHz Quad-Core Intel Core i5,8 GB 2133 MHz
Thu Nov 26 14:52:45 2020,0.11078000068664551,,1.4 GHz Quad-Core Intel Core i5,8 GB 2133 MHz
Thu Nov 26 14:52:47 2020,0.102661133,,1.4 GHz Quad-Core Intel Core i5,8 GB 2133 MHz
Thu Nov 26 14:52:48 2020,0.10861706733703613,,1.4 GHz Quad-Core Intel Core i5,8 GB 2133 MHz
Thu Nov 26 14:52:49 2020,0.10133790969848633,,1.4 GHz Quad-Core Intel Core i5,8 GB 2133 MHz
Thu Nov 26 14:52:50 2020,0.11061406135559082,,1.4 GHz Quad-Core Intel Core i5,8 GB 2133 MHz
Thu Nov 26 14:52:51 2020,0.10325002670288086,,1.4 GHz Quad-Core Intel Core i5,8 GB 2133 MHz
Thu Nov 26 14:52:52 2020,0.10298609733581543,,1.4 GHz Quad-Core Intel Core i5,8 GB 2133 MHz
Thu Nov 26 14:52:53 2020,0.1056511402130127,,1.4 GHz Quad-Core Intel Core i5,8 GB 2133 MHz
Thu Nov 26 14:52:54 2020,0.1143958568572998,,1.4 GHz Quad-Core Intel Core i5,8 GB 2133 MHz
Thu Nov 26 14:52:56 2020,0.10475897789001465,,1.4 GHz Quad-Core Intel Core i5,8 GB 2133 MHz
Thu Nov 26 14:52:57 2020,0.10737109184265137,,1.4 GHz Quad-Core Intel Core i5,8 GB 2133 MHz
Thu Nov 26 14:52:58 2020,0.10980010032653809,,1.4 GHz Quad-Core Intel Core i5,8 GB 2133 MHz
Thu Nov 26 14:52:59 2020,0.11017394065856934,,1.4 GHz Quad-Core Intel Core i5,8 GB 2133 MHz
Thu Nov 26 14:53:00 2020,0.10438132286071777,,1.4 GHz Quad-Core Intel Core i5,8 GB 2133 MHz
Thu Nov 26 14:53:01 2020,0.10178422927856445,,1.4 GHz Quad-Core Intel Core i5,8 GB 2133 MHz
Thu Nov 26 14:53:02 2020,0.1027519702911377,,1.4 GHz Quad-Core Intel Core i5,8 GB 2133 MHz
Thu Nov 26 14:53:03 2020,0.11896300315856934,,1.4 GHz Quad-Core Intel Core i5,8 GB 2133 MHz
Thu Nov 26 14:53:04 2020,0.1118626594543457,,1.4 GHz Quad-Core Intel Core i5,8 GB 2133 MHz
Thu Nov 26 14:53:06 2020,0.098300934,,1.4 GHz Quad-Core Intel Core i5,8 GB 2133 MHz
Thu Nov 26 14:53:07 2020,0.10994791984558105,,1.4 GHz Quad-Core Intel Core i5,8 GB 2133 MHz
Thu Nov 26 14:53:08 2020,0.1309828758239746,,1.4 GHz Quad-Core Intel Core i5,8 GB 2133 MHz
Thu Nov 26 14:53:09 2020,0.10840487480163574,,1.4 GHz Quad-Core Intel Core i5,8 GB 2133 MHz
Thu Nov 26 14:53:10 2020,0.22193384170532227,,1.4 GHz Quad-Core Intel Core i5,8 GB 2133 MHz
Thu Nov 26 14:53:11 2020,0.10485696792602539,,1.4 GHz Quad-Core Intel Core i5,8 GB 2133 MHz
Thu Nov 26 14:53:12 2020,0.1055459976196289,,1.4 GHz Quad-Core Intel Core i5,8 GB 2133 MHz
Thu Nov 26 14:53:13 2020,0.099412918,,1.4 GHz Quad-Core Intel Core i5,8 GB 2133 MHz
Thu Nov 26 14:53:15 2020,0.10445117950439453,,1.4 GHz Quad-Core Intel Core i5,8 GB 2133 MHz
Thu Nov 26 14:53:16 2020,0.1080939769744873,,1.4 GHz Quad-Core Intel Core i5,8 GB 2133 MHz
Thu Nov 26 14:53:17 2020,0.10988283157348633,,1.4 GHz Quad-Core Intel Core i5,8 GB 2133 MHz
Thu Nov 26 14:53:18 2020,0.1087491512298584,,1.4 GHz Quad-Core Intel Core i5,8 GB 2133 MHz
Thu Nov 26 14:53:19 2020,0.10821890830993652,,1.4 GHz Quad-Core Intel Core i5,8 GB 2133 MHz
Thu Nov 26 14:53:20 2020,0.10889601707458496,,1.4 GHz Quad-Core Intel Core i5,8 GB 2133 MHz
Thu Nov 26 14:53:21 2020,0.11124801635742188,,1.4 GHz Quad-Core Intel Core i5,8 GB 2133 MHz
Thu Nov 26 14:53:22 2020,0.10091400146484375,,1.4 GHz Quad-Core Intel Core i5,8 GB 2133 MHz
Thu Nov 26 14:53:23 2020,0.10422778129577637,,1.4 GHz Quad-Core Intel Core i5,8 GB 2133 MHz
Thu Nov 26 14:53:25 2020,0.10859179496765137,,1.4 GHz Quad-Core Intel Core i5,8 GB 2133 MHz
Thu Nov 26 14:53:26 2020,0.11098790168762207,,1.4 GHz Quad-Core Intel Core i5,8 GB 2133 MHz
Thu Nov 26 14:53:27 2020,0.11513113975524902,,1.4 GHz Quad-Core Intel Core i5,8 GB 2133 MHz
Thu Nov 26 14:53:28 2020,0.11591601371765137,,1.4 GHz Quad-Core Intel Core i5,8 GB 2133 MHz
Thu Nov 26 14:53:29 2020,0.10732698440551758,,1.4 GHz Quad-Core Intel Core i5,8 GB 2133 MHz
Thu Nov 26 14:53:30 2020,0.10370206832885742,,1.4 GHz Quad-Core Intel Core i5,8 GB 2133 MHz
Thu Nov 26 14:53:31 2020,0.12400102615356445,,1.4 GHz Quad-Core Intel Core i5,8 GB 2133 MHz
Thu Nov 26 14:53:32 2020,0.11682295799255371,,1.4 GHz Quad-Core Intel Core i5,8 GB 2133 MHz
Thu Nov 26 14:53:34 2020,0.10616493225097656,,1.4 GHz Quad-Core Intel Core i5,8 GB 2133 MHz
Thu Nov 26 14:53:35 2020,0.10425901412963867,,1.4 GHz Quad-Core Intel Core i5,8 GB 2133 MHz
Thu Nov 26 14:53:36 2020,0.11055898666381836,,1.4 GHz Quad-Core Intel Core i5,8 GB 2133 MHz
Thu Nov 26 14:53:37 2020,0.10701203346252441,,1.4 GHz Quad-Core Intel Core i5,8 GB 2133 MHz
Thu Nov 26 14:53:38 2020,0.11240506172180176,,1.4 GHz Quad-Core Intel Core i5,8 GB 2133 MHz
Thu Nov 26 14:53:39 2020,0.12213897705078125,,1.4 GHz Quad-Core Intel Core i5,8 GB 2133 MHz
Thu Nov 26 14:53:40 2020,0.10059785842895508,,1.4 GHz Quad-Core Intel Core i5,8 GB 2133 MHz
Thu Nov 26 14:53:41 2020,0.11259102821350098,,1.4 GHz Quad-Core Intel Core i5,8 GB 2133 MHz
Thu Nov 26 14:53:42 2020,0.10535025596618652,,1.4 GHz Quad-Core Intel Core i5,8 GB 2133 MHz
Thu Nov 26 14:53:44 2020,0.10455608367919922,,1.4 GHz Quad-Core Intel Core i5,8 GB 2133 MHz
Thu Nov 26 14:53:45 2020,0.10328984260559082,,1.4 GHz Quad-Core Intel Core i5,8 GB 2133 MHz
Thu Nov 26 14:53:46 2020,0.10025382041931152,,1.4 GHz Quad-Core Intel Core i5,8 GB 2133 MHz
Thu Nov 26 14:53:47 2020,0.10421514511108398,,1.4 GHz Quad-Core Intel Core i5,8 GB 2133 MHz
Thu Nov 26 14:53:48 2020,0.1023249626159668,,1.4 GHz Quad-Core Intel Core i5,8 GB 2133 MHz
Thu Nov 26 14:53:49 2020,0.1004800796508789,,1.4 GHz Quad-Core Intel Core i5,8 GB 2133 MHz
Thu Nov 26 14:53:50 2020,0.11405587196350098,,1.4 GHz Quad-Core Intel Core i5,8 GB 2133 MHz
Thu Nov 26 14:53:51 2020,0.11146688461303711,,1.4 GHz Quad-Core Intel Core i5,8 GB 2133 MHz
Thu Nov 26 14:53:52 2020,0.10990476608276367,,1.4 GHz Quad-Core Intel Core i5,8 GB 2133 MHz
Thu Nov 26 14:53:54 2020,0.10868597030639648,,1.4 GHz Quad-Core Intel Core i5,8 GB 2133 MHz
Thu Nov 26 14:53:55 2020,0.10956382751464844,,1.4 GHz Quad-Core Intel Core i5,8 GB 2133 MHz
Thu Nov 26 14:53:56 2020,0.11365509033203125,,1.4 GHz Quad-Core Intel Core i5,8 GB 2133 MHz
Thu Nov 26 14:53:57 2020,0.098210096,,1.4 GHz Quad-Core Intel Core i5,8 GB 2133 MHz
Thu Nov 26 14:53:58 2020,0.099749088,,1.4 GHz Quad-Core Intel Core i5,8 GB 2133 MHz
Thu Nov 26 14:53:59 2020,0.10447311401367188,,1.4 GHz Quad-Core Intel Core i5,8 GB 2133 MHz
Thu Nov 26 14:54:00 2020,0.11132216453552246,,1.4 GHz Quad-Core Intel Core i5,8 GB 2133 MHz
Thu Nov 26 14:54:01 2020,0.10822582244873047,,1.4 GHz Quad-Core Intel Core i5,8 GB 2133 MHz
Thu Nov 26 14:54:02 2020,0.10599517822265625,,1.4 GHz Quad-Core Intel Core i5,8 GB 2133 MHz
Thu Nov 26 14:54:04 2020,0.1144258975982666,,1.4 GHz Quad-Core Intel Core i5,8 GB 2133 MHz
Thu Nov 26 14:54:05 2020,0.11336493492126465,,1.4 GHz Quad-Core Intel Core i5,8 GB 2133 MHz
Thu Nov 26 14:54:06 2020,0.11737489700317383,,1.4 GHz Quad-Core Intel Core i5,8 GB 2133 MHz
Thu Nov 26 14:54:07 2020,0.1018979549407959,,1.4 GHz Quad-Core Intel Core i5,8 GB 2133 MHz
Thu Nov 26 14:54:08 2020,0.11340904235839844,,1.4 GHz Quad-Core Intel Core i5,8 GB 2133 MHz
Thu Nov 26 14:54:09 2020,0.11114072799682617,,1.4 GHz Quad-Core Intel Core i5,8 GB 2133 MHz
Thu Nov 26 14:54:10 2020,0.11228275299072266,,1.4 GHz Quad-Core Intel Core i5,8 GB 2133 MHz
Thu Nov 26 14:54:11 2020,0.098778725,,1.4 GHz Quad-Core Intel Core i5,8 GB 2133 MHz
Thu Nov 26 14:54:13 2020,0.10380125045776367,,1.4 GHz Quad-Core Intel Core i5,8 GB 2133 MHz
Thu Nov 26 14:54:14 2020,0.11783909797668457,,1.4 GHz Quad-Core Intel Core i5,8 GB 2133 MHz
Thu Nov 26 14:54:15 2020,0.10546374320983887,,1.4 GHz Quad-Core Intel Core i5,8 GB 2133 MHz
Thu Nov 26 14:54:16 2020,0.097746134,,1.4 GHz Quad-Core Intel Core i5,8 GB 2133 MHz
Thu Nov 26 14:54:17 2020,0.11230802536010742,,1.4 GHz Quad-Core Intel Core i5,8 GB 2133 MHz
Thu Nov 26 14:54:18 2020,0.10040426254272461,,1.4 GHz Quad-Core Intel Core i5,8 GB 2133 MHz
Thu Nov 26 14:54:19 2020,0.10114312171936035,,1.4 GHz Quad-Core Intel Core i5,8 GB 2133 MHz
Thu Nov 26 14:54:20 2020,0.10337615013122559,,1.4 GHz Quad-Core Intel Core i5,8 GB 2133 MHz
Thu Nov 26 14:54:21 2020,0.11485004425048828,,1.4 GHz Quad-Core Intel Core i5,8 GB 2133 MHz
Thu Nov 26 14:54:23 2020,0.104187012,,1.4 GHz Quad-Core Intel Core i5,8 GB 2133 MHz
Thu Nov 26 14:54:24 2020,0.10452580451965332,,1.4 GHz Quad-Core Intel Core i5,8 GB 2133 MHz
Thu Nov 26 14:54:25 2020,0.11410212516784668,,1.4 GHz Quad-Core Intel Core i5,8 GB 2133 MHz
Thu Nov 26 14:54:26 2020,0.11991405487060547,,1.4 GHz Quad-Core Intel Core i5,8 GB 2133 MHz
Thu Nov 26 14:54:27 2020,0.1015322208404541,,1.4 GHz Quad-Core Intel Core i5,8 GB 2133 MHz
Thu Nov 26 14:54:28 2020,0.10613608360290527,,1.4 GHz Quad-Core Intel Core i5,8 GB 2133 MHz
Thu Nov 26 14:54:29 2020,0.10247135162353516,,1.4 GHz Quad-Core Intel Core i5,8 GB 2133 MHz
Thu Nov 26 14:54:30 2020,0.10403800010681152,,1.4 GHz Quad-Core Intel Core i5,8 GB 2133 MHz
Thu Nov 26 14:54:31 2020,0.10304784774780273,,1.4 GHz Quad-Core Intel Core i5,8 GB 2133 MHz
Thu Nov 26 14:54:33 2020,0.10032916069030762,,1.4 GHz Quad-Core Intel Core i5,8 GB 2133 MHz
Thu Nov 26 14:54:34 2020,0.10230779647827148,,1.4 GHz Quad-Core Intel Core i5,8 GB 2133 MHz
Thu Nov 26 14:54:35 2020,0.10260295867919922,,1.4 GHz Quad-Core Intel Core i5,8 GB 2133 MHz
Thu Nov 26 14:54:36 2020,0.1191411018371582,,1.4 GHz Quad-Core Intel Core i5,8 GB 2133 MHz
Thu Nov 26 14:54:37 2020,0.11107921600341797,,1.4 GHz Quad-Core Intel Core i5,8 GB 2133 MHz
Thu Nov 26 14:54:38 2020,0.11065292358398438,,1.4 GHz Quad-Core Intel Core i5,8 GB 2133 MHz
Thu Nov 26 14:54:39 2020,0.1150658130645752,,1.4 GHz Quad-Core Intel Core i5,8 GB 2133 MHz
Thu Nov 26 14:54:40 2020,0.10458230972290039,,1.4 GHz Quad-Core Intel Core i5,8 GB 2133 MHz
Thu Nov 26 14:54:41 2020,0.10930991172790527,,1.4 GHz Quad-Core Intel Core i5,8 GB 2133 MHz
Thu Nov 26 14:54:43 2020,0.10380983352661133,,1.4 GHz Quad-Core Intel Core i5,8 GB 2133 MHz
Thu Nov 26 14:54:44 2020,0.11031913757324219,,1.4 GHz Quad-Core Intel Core i5,8 GB 2133 MHz
Thu Nov 26 14:54:45 2020,0.10383892059326172,,1.4 GHz Quad-Core Intel Core i5,8 GB 2133 MHz
Thu Nov 26 14:54:46 2020,0.11945104598999023,,1.4 GHz Quad-Core Intel Core i5,8 GB 2133 MHz
Thu Nov 26 14:54:47 2020,0.10762214660644531,,1.4 GHz Quad-Core Intel Core i5,8 GB 2133 MHz
Thu Nov 26 14:54:48 2020,0.10715794563293457,,1.4 GHz Quad-Core Intel Core i5,8 GB 2133 MHz
Thu Nov 26 14:54:49 2020,0.10684895515441895,,1.4 GHz Quad-Core Intel Core i5,8 GB 2133 MHz
Thu Nov 26 14:54:50 2020,0.1015479564666748,,1.4 GHz Quad-Core Intel Core i5,8 GB 2133 MHz
Thu Nov 26 14:54:52 2020,0.1093299388885498,,1.4 GHz Quad-Core Intel Core i5,8 GB 2133 MHz
Thu Nov 26 14:54:53 2020,0.10298705101013184,,1.4 GHz Quad-Core Intel Core i5,8 GB 2133 MHz
Thu Nov 26 14:54:54 2020,0.10674786567687988,,1.4 GHz Quad-Core Intel Core i5,8 GB 2133 MHz
Thu Nov 26 14:54:55 2020,0.1066598892211914,,1.4 GHz Quad-Core Intel Core i5,8 GB 2133 MHz
Thu Nov 26 14:54:56 2020,0.11012983322143555,,1.4 GHz Quad-Core Intel Core i5,8 GB 2133 MHz
Thu Nov 26 14:54:57 2020,0.11259603500366211,,1.4 GHz Quad-Core Intel Core i5,8 GB 2133 MHz
Thu Nov 26 14:54:58 2020,0.1086580753326416,,1.4 GHz Quad-Core Intel Core i5,8 GB 2133 MHz
Thu Nov 26 14:54:59 2020,0.11710810661315918,,1.4 GHz Quad-Core Intel Core i5,8 GB 2133 MHz
Thu Nov 26 14:55:00 2020,0.10367703437805176,,1.4 GHz Quad-Core Intel Core i5,8 GB 2133 MHz
Thu Nov 26 14:55:02 2020,0.11840319633483887,,1.4 GHz Quad-Core Intel Core i5,8 GB 2133 MHz
Thu Nov 26 14:55:03 2020,0.10826301574707031,,1.4 GHz Quad-Core Intel Core i5,8 GB 2133 MHz
Thu Nov 26 14:55:04 2020,0.10133218765258789,,1.4 GHz Quad-Core Intel Core i5,8 GB 2133 MHz
Thu Nov 26 14:55:05 2020,0.099467993,,1.4 GHz Quad-Core Intel Core i5,8 GB 2133 MHz
Thu Nov 26 14:55:06 2020,0.11151528358459473,,1.4 GHz Quad-Core Intel Core i5,8 GB 2133 MHz
Thu Nov 26 14:55:07 2020,0.11003708839416504,,1.4 GHz Quad-Core Intel Core i5,8 GB 2133 MHz
Thu Nov 26 14:55:08 2020,0.10766100883483887,,1.4 GHz Quad-Core Intel Core i5,8 GB 2133 MHz
Thu Nov 26 14:55:09 2020,0.11524510383605957,,1.4 GHz Quad-Core Intel Core i5,8 GB 2133 MHz
Thu Nov 26 14:55:10 2020,0.10412812232971191,,1.4 GHz Quad-Core Intel Core i5,8 GB 2133 MHz
Thu Nov 26 14:55:12 2020,0.11424899101257324,,1.4 GHz Quad-Core Intel Core i5,8 GB 2133 MHz
Thu Nov 26 14:55:13 2020,0.10227298736572266,,1.4 GHz Quad-Core Intel Core i5,8 GB 2133 MHz
Thu Nov 26 14:55:14 2020,0.10877704620361328,,1.4 GHz Quad-Core Intel Core i5,8 GB 2133 MHz
Thu Nov 26 14:55:15 2020,0.11234283447265625,,1.4 GHz Quad-Core Intel Core i5,8 GB 2133 MHz
Thu Nov 26 14:55:16 2020,0.10979104042053223,,1.4 GHz Quad-Core Intel Core i5,8 GB 2133 MHz
Thu Nov 26 14:55:17 2020,0.10618782043457031,,1.4 GHz Quad-Core Intel Core i5,8 GB 2133 MHz
Thu Nov 26 14:55:18 2020,0.11280417442321777,,1.4 GHz Quad-Core Intel Core i5,8 GB 2133 MHz
Thu Nov 26 14:55:19 2020,0.11464190483093262,,1.4 GHz Quad-Core Intel Core i5,8 GB 2133 MHz
Thu Nov 26 14:55:21 2020,0.10241389274597168,,1.4 GHz Quad-Core Intel Core i5,8 GB 2133 MHz
Thu Nov 26 14:55:22 2020,0.10551285743713379,,1.4 GHz Quad-Core Intel Core i5,8 GB 2133 MHz
Thu Nov 26 14:55:23 2020,0.11062812805175781,,1.4 GHz Quad-Core Intel Core i5,8 GB 2133 MHz
Thu Nov 26 14:55:24 2020,0.12080526351928711,,1.4 GHz Quad-Core Intel Core i5,8 GB 2133 MHz
Thu Nov 26 14:55:25 2020,0.10471391677856445,,1.4 GHz Quad-Core Intel Core i5,8 GB 2133 MHz
Thu Nov 26 14:55:26 2020,0.12442612648010254,,1.4 GHz Quad-Core Intel Core i5,8 GB 2133 MHz
Thu Nov 26 14:55:27 2020,0.10484814643859863,,1.4 GHz Quad-Core Intel Core i5,8 GB 2133 MHz
Thu Nov 26 14:55:28 2020,0.10151886940002441,,1.4 GHz Quad-Core Intel Core i5,8 GB 2133 MHz
Thu Nov 26 14:55:29 2020,0.1097259521484375,,1.4 GHz Quad-Core Intel Core i5,8 GB 2133 MHz
Thu Nov 26 14:55:31 2020,0.099813938,,1.4 GHz Quad-Core Intel Core i5,8 GB 2133 MHz
Thu Nov 26 14:55:32 2020,0.1048130989074707,,1.4 GHz Quad-Core Intel Core i5,8 GB 2133 MHz
Thu Nov 26 14:55:33 2020,0.10307788848876953,,1.4 GHz Quad-Core Intel Core i5,8 GB 2133 MHz
Thu Nov 26 14:55:34 2020,0.11169195175170898,,1.4 GHz Quad-Core Intel Core i5,8 GB 2133 MHz
Thu Nov 26 14:55:35 2020,0.11983394622802734,,1.4 GHz Quad-Core Intel Core i5,8 GB 2133 MHz
Thu Nov 26 14:55:36 2020,0.10327506065368652,,1.4 GHz Quad-Core Intel Core i5,8 GB 2133 MHz
Thu Nov 26 14:55:37 2020,0.10527205467224121,,1.4 GHz Quad-Core Intel Core i5,8 GB 2133 MHz
Thu Nov 26 14:55:38 2020,0.10442399978637695,,1.4 GHz Quad-Core Intel Core i5,8 GB 2133 MHz
Thu Nov 26 14:55:39 2020,0.11382913589477539,,1.4 GHz Quad-Core Intel Core i5,8 GB 2133 MHz
Thu Nov 26 14:55:41 2020,0.11926102638244629,,1.4 GHz Quad-Core Intel Core i5,8 GB 2133 MHz
Thu Nov 26 14:55:42 2020,0.11261105537414551,,1.4 GHz Quad-Core Intel Core i5,8 GB 2133 MHz
Thu Nov 26 14:55:43 2020,0.11368918418884277,,1.4 GHz Quad-Core Intel Core i5,8 GB 2133 MHz
Thu Nov 26 14:55:44 2020,0.10137486457824707,,1.4 GHz Quad-Core Intel Core i5,8 GB 2133 MHz
Thu Nov 26 14:55:45 2020,0.1005392074584961,,1.4 GHz Quad-Core Intel Core i5,8 GB 2133 MHz
Thu Nov 26 14:55:46 2020,0.10192298889160156,,1.4 GHz Quad-Core Intel Core i5,8 GB 2133 MHz
Thu Nov 26 14:55:47 2020,0.10830020904541016,,1.4 GHz Quad-Core Intel Core i5,8 GB 2133 MHz
Thu Nov 26 14:55:48 2020,0.10933279991149902,,1.4 GHz Quad-Core Intel Core i5,8 GB 2133 MHz
Thu Nov 26 14:55:49 2020,0.1131138801574707,,1.4 GHz Quad-Core Intel Core i5,8 GB 2133 MHz
Thu Nov 26 14:55:51 2020,0.10673999786376953,,1.4 GHz Quad-Core Intel Core i5,8 GB 2133 MHz
Thu Nov 26 14:55:52 2020,0.10303688049316406,,1.4 GHz Quad-Core Intel Core i5,8 GB 2133 MHz
Thu Nov 26 14:55:53 2020,0.11803913116455078,,1.4 GHz Quad-Core Intel Core i5,8 GB 2133 MHz
Thu Nov 26 14:55:54 2020,0.1107327938079834,,1.4 GHz Quad-Core Intel Core i5,8 GB 2133 MHz
Thu Nov 26 14:55:55 2020,0.11412310600280762,,1.4 GHz Quad-Core Intel Core i5,8 GB 2133 MHz
Thu Nov 26 14:55:56 2020,0.098834753,,1.4 GHz Quad-Core Intel Core i5,8 GB 2133 MHz
Thu Nov 26 14:55:57 2020,0.10030484199523926,,1.4 GHz Quad-Core Intel Core i5,8 GB 2133 MHz
Thu Nov 26 14:55:58 2020,0.10664868354797363,,1.4 GHz Quad-Core Intel Core i5,8 GB 2133 MHz
Thu Nov 26 14:55:59 2020,0.10716104507446289,,1.4 GHz Quad-Core Intel Core i5,8 GB 2133 MHz
Thu Nov 26 14:56:01 2020,0.12180900573730469,,1.4 GHz Quad-Core Intel Core i5,8 GB 2133 MHz
Thu Nov 26 14:56:02 2020,0.11462903022766113,,1.4 GHz Quad-Core Intel Core i5,8 GB 2133 MHz
Thu Nov 26 14:56:03 2020,0.11132073402404785,,1.4 GHz Quad-Core Intel Core i5,8 GB 2133 MHz
Thu Nov 26 14:56:04 2020,0.10605525970458984,,1.4 GHz Quad-Core Intel Core i5,8 GB 2133 MHz
Thu Nov 26 14:56:05 2020,0.10418891906738281,,1.4 GHz Quad-Core Intel Core i5,8 GB 2133 MHz
Thu Nov 26 14:56:06 2020,0.098214865,,1.4 GHz Quad-Core Intel Core i5,8 GB 2133 MHz
Thu Nov 26 14:56:07 2020,0.11176490783691406,,1.4 GHz Quad-Core Intel Core i5,8 GB 2133 MHz
Thu Nov 26 14:56:08 2020,0.11246919631958008,,1.4 GHz Quad-Core Intel Core i5,8 GB 2133 MHz
Thu Nov 26 14:56:09 2020,0.11066603660583496,,1.4 GHz Quad-Core Intel Core i5,8 GB 2133 MHz
Thu Nov 26 14:56:11 2020,0.11347198486328125,,1.4 GHz Quad-Core Intel Core i5,8 GB 2133 MHz
Thu Nov 26 14:56:12 2020,0.11081695556640625,,1.4 GHz Quad-Core Intel Core i5,8 GB 2133 MHz
Thu Nov 26 14:56:13 2020,0.11457085609436035,,1.4 GHz Quad-Core Intel Core i5,8 GB 2133 MHz
Thu Nov 26 14:56:14 2020,0.11392521858215332,,1.4 GHz Quad-Core Intel Core i5,8 GB 2133 MHz
Thu Nov 26 14:56:15 2020,0.11441469192504883,,1.4 GHz Quad-Core Intel Core i5,8 GB 2133 MHz
Thu Nov 26 14:56:16 2020,0.10413837432861328,,1.4 GHz Quad-Core Intel Core i5,8 GB 2133 MHz
Thu Nov 26 14:56:17 2020,0.10232210159301758,,1.4 GHz Quad-Core Intel Core i5,8 GB 2133 MHz
Thu Nov 26 14:56:18 2020,0.10787200927734375,,1.4 GHz Quad-Core Intel Core i5,8 GB 2133 MHz
Thu Nov 26 14:56:20 2020,0.11040186882019043,,1.4 GHz Quad-Core Intel Core i5,8 GB 2133 MHz
Thu Nov 26 14:56:21 2020,0.10464000701904297,,1.4 GHz Quad-Core Intel Core i5,8 GB 2133 MHz
Thu Nov 26 14:56:22 2020,0.10639214515686035,,1.4 GHz Quad-Core Intel Core i5,8 GB 2133 MHz
Thu Nov 26 14:56:23 2020,0.11395502090454102,,1.4 GHz Quad-Core Intel Core i5,8 GB 2133 MHz
Thu Nov 26 14:56:24 2020,0.11159205436706543,,1.4 GHz Quad-Core Intel Core i5,8 GB 2133 MHz
Thu Nov 26 14:56:25 2020,0.1035311222076416,,1.4 GHz Quad-Core Intel Core i5,8 GB 2133 MHz
Thu Nov 26 14:56:26 2020,0.10266709327697754,,1.4 GHz Quad-Core Intel Core i5,8 GB 2133 MHz
Thu Nov 26 14:56:27 2020,0.11927080154418945,,1.4 GHz Quad-Core Intel Core i5,8 GB 2133 MHz
Thu Nov 26 14:56:28 2020,0.11540794372558594,,1.4 GHz Quad-Core Intel Core i5,8 GB 2133 MHz
Thu Nov 26 14:56:30 2020,0.11200213432312012,,1.4 GHz Quad-Core Intel Core i5,8 GB 2133 MHz
Thu Nov 26 14:56:31 2020,0.10321617126464844,,1.4 GHz Quad-Core Intel Core i5,8 GB 2133 MHz
Thu Nov 26 14:56:32 2020,0.10128307342529297,,1.4 GHz Quad-Core Intel Core i5,8 GB 2133 MHz
Thu Nov 26 14:56:33 2020,0.10214495658874512,,1.4 GHz Quad-Core Intel Core i5,8 GB 2133 MHz
Thu Nov 26 14:56:34 2020,0.11210107803344727,,1.4 GHz Quad-Core Intel Core i5,8 GB 2133 MHz
Thu Nov 26 14:56:35 2020,0.10233116149902344,,1.4 GHz Quad-Core Intel Core i5,8 GB 2133 MHz
Thu Nov 26 14:56:36 2020,0.11976313591003418,,1.4 GHz Quad-Core Intel Core i5,8 GB 2133 MHz
Thu Nov 26 14:56:37 2020,0.11866211891174316,,1.4 GHz Quad-Core Intel Core i5,8 GB 2133 MHz
Thu Nov 26 14:56:38 2020,0.11397504806518555,,1.4 GHz Quad-Core Intel Core i5,8 GB 2133 MHz
Thu Nov 26 14:56:40 2020,0.10764527320861816,,1.4 GHz Quad-Core Intel Core i5,8 GB 2133 MHz
Thu Nov 26 14:56:41 2020,0.099268913,,1.4 GHz Quad-Core Intel Core i5,8 GB 2133 MHz
Thu Nov 26 14:56:42 2020,0.10071516036987305,,1.4 GHz Quad-Core Intel Core i5,8 GB 2133 MHz
Thu Nov 26 14:56:43 2020,0.11336803436279297,,1.4 GHz Quad-Core Intel Core i5,8 GB 2133 MHz
Thu Nov 26 14:56:44 2020,0.11165809631347656,,1.4 GHz Quad-Core Intel Core i5,8 GB 2133 MHz
Thu Nov 26 14:56:45 2020,0.11006689071655273,,1.4 GHz Quad-Core Intel Core i5,8 GB 2133 MHz
Thu Nov 26 14:56:46 2020,0.10771036148071289,,1.4 GHz Quad-Core Intel Core i5,8 GB 2133 MHz
Thu Nov 26 14:56:47 2020,0.10643577575683594,,1.4 GHz Quad-Core Intel Core i5,8 GB 2133 MHz
Thu Nov 26 14:56:49 2020,0.10489702224731445,,1.4 GHz Quad-Core Intel Core i5,8 GB 2133 MHz
Thu Nov 26 14:56:50 2020,0.10219097137451172,,1.4 GHz Quad-Core Intel Core i5,8 GB 2133 MHz
Thu Nov 26 14:56:51 2020,0.11692500114440918,,1.4 GHz Quad-Core Intel Core i5,8 GB 2133 MHz
Thu Nov 26 14:56:52 2020,0.10925102233886719,,1.4 GHz Quad-Core Intel Core i5,8 GB 2133 MHz
Thu Nov 26 14:56:53 2020,0.10604310035705566,,1.4 GHz Quad-Core Intel Core i5,8 GB 2133 MHz
Thu Nov 26 14:56:54 2020,0.11126518249511719,,1.4 GHz Quad-Core Intel Core i5,8 GB 2133 MHz
Thu Nov 26 14:56:55 2020,0.10511398315429688,,1.4 GHz Quad-Core Intel Core i5,8 GB 2133 MHz
Thu Nov 26 14:56:56 2020,0.1006462574005127,,1.4 GHz Quad-Core Intel Core i5,8 GB 2133 MHz
Thu Nov 26 14:56:57 2020,0.11446189880371094,,1.4 GHz Quad-Core Intel Core i5,8 GB 2133 MHz
Thu Nov 26 14:56:59 2020,0.11424517631530762,,1.4 GHz Quad-Core Intel Core i5,8 GB 2133 MHz
Thu Nov 26 14:57:00 2020,0.11198115348815918,,1.4 GHz Quad-Core Intel Core i5,8 GB 2133 MHz
Thu Nov 26 14:57:01 2020,0.10090899467468262,,1.4 GHz Quad-Core Intel Core i5,8 GB 2133 MHz
Thu Nov 26 14:57:02 2020,0.10162687301635742,,1.4 GHz Quad-Core Intel Core i5,8 GB 2133 MHz
Thu Nov 26 14:57:03 2020,0.097429991,,1.4 GHz Quad-Core Intel Core i5,8 GB 2133 MHz
Thu Nov 26 14:57:04 2020,0.11193609237670898,,1.4 GHz Quad-Core Intel Core i5,8 GB 2133 MHz
Thu Nov 26 14:57:05 2020,0.10646200180053711,,1.4 GHz Quad-Core Intel Core i5,8 GB 2133 MHz
Thu Nov 26 14:57:06 2020,0.10835886001586914,,1.4 GHz Quad-Core Intel Core i5,8 GB 2133 MHz
Thu Nov 26 14:57:07 2020,0.10196781158447266,,1.4 GHz Quad-Core Intel Core i5,8 GB 2133 MHz
Thu Nov 26 14:57:09 2020,0.10780000686645508,,1.4 GHz Quad-Core Intel Core i5,8 GB 2133 MHz
Thu Nov 26 14:57:10 2020,0.10818886756896973,,1.4 GHz Quad-Core Intel Core i5,8 GB 2133 MHz
Thu Nov 26 14:57:11 2020,0.11234092712402344,,1.4 GHz Quad-Core Intel Core i5,8 GB 2133 MHz
Thu Nov 26 14:57:12 2020,0.11025810241699219,,1.4 GHz Quad-Core Intel Core i5,8 GB 2133 MHz
Thu Nov 26 14:57:13 2020,0.10753512382507324,,1.4 GHz Quad-Core Intel Core i5,8 GB 2133 MHz
Thu Nov 26 14:57:14 2020,0.099582195,,1.4 GHz Quad-Core Intel Core i5,8 GB 2133 MHz
Thu Nov 26 14:57:15 2020,0.10358595848083496,,1.4 GHz Quad-Core Intel Core i5,8 GB 2133 MHz
Thu Nov 26 14:57:16 2020,0.10368824005126953,,1.4 GHz Quad-Core Intel Core i5,8 GB 2133 MHz
Thu Nov 26 14:57:17 2020,0.1242680549621582,,1.4 GHz Quad-Core Intel Core i5,8 GB 2133 MHz
Thu Nov 26 14:57:19 2020,0.11229705810546875,,1.4 GHz Quad-Core Intel Core i5,8 GB 2133 MHz
Thu Nov 26 14:57:20 2020,0.119995117,,1.4 GHz Quad-Core Intel Core i5,8 GB 2133 MHz
Thu Nov 26 14:57:21 2020,0.10140872001647949,,1.4 GHz Quad-Core Intel Core i5,8 GB 2133 MHz
Thu Nov 26 14:57:22 2020,0.10601973533630371,,1.4 GHz Quad-Core Intel Core i5,8 GB 2133 MHz
Thu Nov 26 14:57:23 2020,0.1118621826171875,,1.4 GHz Quad-Core Intel Core i5,8 GB 2133 MHz
Thu Nov 26 14:57:24 2020,0.11277484893798828,,1.4 GHz Quad-Core Intel Core i5,8 GB 2133 MHz
Thu Nov 26 14:57:25 2020,0.10730481147766113,,1.4 GHz Quad-Core Intel Core i5,8 GB 2133 MHz
Thu Nov 26 14:57:26 2020,0.10313582420349121,,1.4 GHz Quad-Core Intel Core i5,8 GB 2133 MHz
Thu Nov 26 14:57:28 2020,0.1122438907623291,,1.4 GHz Quad-Core Intel Core i5,8 GB 2133 MHz
Thu Nov 26 14:57:29 2020,0.10073089599609375,,1.4 GHz Quad-Core Intel Core i5,8 GB 2133 MHz
Thu Nov 26 14:57:30 2020,0.10145783424377441,,1.4 GHz Quad-Core Intel Core i5,8 GB 2133 MHz
Thu Nov 26 14:57:31 2020,0.10244083404541016,,1.4 GHz Quad-Core Intel Core i5,8 GB 2133 MHz
Thu Nov 26 14:57:32 2020,0.10787701606750488,,1.4 GHz Quad-Core Intel Core i5,8 GB 2133 MHz
Thu Nov 26 14:57:33 2020,0.10679483413696289,,1.4 GHz Quad-Core Intel Core i5,8 GB 2133 MHz
Thu Nov 26 14:57:34 2020,0.10851502418518066,,1.4 GHz Quad-Core Intel Core i5,8 GB 2133 MHz
Thu Nov 26 14:57:35 2020,0.10333800315856934,,1.4 GHz Quad-Core Intel Core i5,8 GB 2133 MHz
Thu Nov 26 14:57:36 2020,0.10816383361816406,,1.4 GHz Quad-Core Intel Core i5,8 GB 2133 MHz
Thu Nov 26 14:57:38 2020,0.1039128303527832,,1.4 GHz Quad-Core Intel Core i5,8 GB 2133 MHz
Thu Nov 26 14:57:39 2020,0.12063932418823242,,1.4 GHz Quad-Core Intel Core i5,8 GB 2133 MHz
Thu Nov 26 14:57:40 2020,0.11924386024475098,,1.4 GHz Quad-Core Intel Core i5,8 GB 2133 MHz
Thu Nov 26 14:57:41 2020,0.11471319198608398,,1.4 GHz Quad-Core Intel Core i5,8 GB 2133 MHz
Thu Nov 26 14:57:42 2020,0.111083984,,1.4 GHz Quad-Core Intel Core i5,8 GB 2133 MHz
Thu Nov 26 14:57:43 2020,0.10375690460205078,,1.4 GHz Quad-Core Intel Core i5,8 GB 2133 MHz
Thu Nov 26 14:57:44 2020,0.10516595840454102,,1.4 GHz Quad-Core Intel Core i5,8 GB 2133 MHz
Thu Nov 26 14:57:45 2020,0.11588311195373535,,1.4 GHz Quad-Core Intel Core i5,8 GB 2133 MHz
Thu Nov 26 14:57:46 2020,0.10255694389343262,,1.4 GHz Quad-Core Intel Core i5,8 GB 2133 MHz
Thu Nov 26 14:57:48 2020,0.098994255,,1.4 GHz Quad-Core Intel Core i5,8 GB 2133 MHz
Thu Nov 26 14:57:49 2020,0.10758495330810547,,1.4 GHz Quad-Core Intel Core i5,8 GB 2133 MHz
Thu Nov 26 14:57:50 2020,0.11668777465820312,,1.4 GHz Quad-Core Intel Core i5,8 GB 2133 MHz
Thu Nov 26 14:57:51 2020,0.11402010917663574,,1.4 GHz Quad-Core Intel Core i5,8 GB 2133 MHz
Thu Nov 26 14:57:52 2020,0.10522198677062988,,1.4 GHz Quad-Core Intel Core i5,8 GB 2133 MHz
Thu Nov 26 14:57:53 2020,0.1030421257019043,,1.4 GHz Quad-Core Intel Core i5,8 GB 2133 MHz
Thu Nov 26 14:57:54 2020,0.11770319938659668,,1.4 GHz Quad-Core Intel Core i5,8 GB 2133 MHz
Thu Nov 26 14:57:55 2020,0.11794686317443848,,1.4 GHz Quad-Core Intel Core i5,8 GB 2133 MHz
Thu Nov 26 14:57:56 2020,0.10186219215393066,,1.4 GHz Quad-Core Intel Core i5,8 GB 2133 MHz
Thu Nov 26 14:57:58 2020,0.11165738105773926,,1.4 GHz Quad-Core Intel Core i5,8 GB 2133 MHz
Thu Nov 26 14:57:59 2020,0.10398483276367188,,1.4 GHz Quad-Core Intel Core i5,8 GB 2133 MHz
Thu Nov 26 14:58:00 2020,0.10761618614196777,,1.4 GHz Quad-Core Intel Core i5,8 GB 2133 MHz
Thu Nov 26 14:58:01 2020,0.10743093490600586,,1.4 GHz Quad-Core Intel Core i5,8 GB 2133 MHz
Thu Nov 26 14:58:02 2020,0.098896027,,1.4 GHz Quad-Core Intel Core i5,8 GB 2133 MHz
Thu Nov 26 14:58:03 2020,0.1010441780090332,,1.4 GHz Quad-Core Intel Core i5,8 GB 2133 MHz
Thu Nov 26 14:58:04 2020,0.10587120056152344,,1.4 GHz Quad-Core Intel Core i5,8 GB 2133 MHz
Thu Nov 26 14:58:05 2020,0.10492801666259766,,1.4 GHz Quad-Core Intel Core i5,8 GB 2133 MHz
Thu Nov 26 14:58:07 2020,0.11059308052062988,,1.4 GHz Quad-Core Intel Core i5,8 GB 2133 MHz
Thu Nov 26 14:58:08 2020,0.10539531707763672,,1.4 GHz Quad-Core Intel Core i5,8 GB 2133 MHz
Thu Nov 26 14:58:09 2020,0.1025550365447998,,1.4 GHz Quad-Core Intel Core i5,8 GB 2133 MHz
Thu Nov 26 14:58:10 2020,0.10632109642028809,,1.4 GHz Quad-Core Intel Core i5,8 GB 2133 MHz
Thu Nov 26 14:58:11 2020,0.11626887321472168,,1.4 GHz Quad-Core Intel Core i5,8 GB 2133 MHz
Thu Nov 26 14:58:12 2020,0.1036679744720459,,1.4 GHz Quad-Core Intel Core i5,8 GB 2133 MHz
Thu Nov 26 14:58:13 2020,0.10966992378234863,,1.4 GHz Quad-Core Intel Core i5,8 GB 2133 MHz
Thu Nov 26 14:58:14 2020,0.10752105712890625,,1.4 GHz Quad-Core Intel Core i5,8 GB 2133 MHz
Thu Nov 26 14:58:15 2020,0.1028599739074707,,1.4 GHz Quad-Core Intel Core i5,8 GB 2133 MHz
Thu Nov 26 14:58:17 2020,0.10659599304199219,,1.4 GHz Quad-Core Intel Core i5,8 GB 2133 MHz
Thu Nov 26 14:58:18 2020,0.1020970344543457,,1.4 GHz Quad-Core Intel Core i5,8 GB 2133 MHz
Thu Nov 26 14:58:19 2020,0.10234785079956055,,1.4 GHz Quad-Core Intel Core i5,8 GB 2133 MHz
Thu Nov 26 14:58:20 2020,0.11606097221374512,,1.4 GHz Quad-Core Intel Core i5,8 GB 2133 MHz
Thu Nov 26 14:58:21 2020,0.10120201110839844,,1.4 GHz Quad-Core Intel Core i5,8 GB 2133 MHz
Thu Nov 26 14:58:22 2020,0.11816596984863281,,1.4 GHz Quad-Core Intel Core i5,8 GB 2133 MHz
Thu Nov 26 14:58:23 2020,0.1050870418548584,,1.4 GHz Quad-Core Intel Core i5,8 GB 2133 MHz
Thu Nov 26 14:58:24 2020,0.10193514823913574,,1.4 GHz Quad-Core Intel Core i5,8 GB 2133 MHz
Thu Nov 26 14:58:25 2020,0.105529785,,1.4 GHz Quad-Core Intel Core i5,8 GB 2133 MHz
Thu Nov 26 14:58:27 2020,0.10521602630615234,,1.4 GHz Quad-Core Intel Core i5,8 GB 2133 MHz
Thu Nov 26 14:58:28 2020,0.11305499076843262,,1.4 GHz Quad-Core Intel Core i5,8 GB 2133 MHz
Thu Nov 26 14:58:29 2020,0.10728073120117188,,1.4 GHz Quad-Core Intel Core i5,8 GB 2133 MHz
Thu Nov 26 14:58:30 2020,0.11089897155761719,,1.4 GHz Quad-Core Intel Core i5,8 GB 2133 MHz
Thu Nov 26 14:58:31 2020,0.10836625099182129,,1.4 GHz Quad-Core Intel Core i5,8 GB 2133 MHz
Thu Nov 26 14:58:32 2020,0.11352825164794922,,1.4 GHz Quad-Core Intel Core i5,8 GB 2133 MHz
Thu Nov 26 14:58:33 2020,0.099547148,,1.4 GHz Quad-Core Intel Core i5,8 GB 2133 MHz
Thu Nov 26 14:58:34 2020,0.10805106163024902,,1.4 GHz Quad-Core Intel Core i5,8 GB 2133 MHz
Thu Nov 26 14:58:35 2020,0.11157560348510742,,1.4 GHz Quad-Core Intel Core i5,8 GB 2133 MHz
Thu Nov 26 14:58:37 2020,0.11391091346740723,,1.4 GHz Quad-Core Intel Core i5,8 GB 2133 MHz
Thu Nov 26 14:58:38 2020,0.11418390274047852,,1.4 GHz Quad-Core Intel Core i5,8 GB 2133 MHz
Thu Nov 26 14:58:39 2020,0.099762201,,1.4 GHz Quad-Core Intel Core i5,8 GB 2133 MHz
Thu Nov 26 14:58:40 2020,0.10776901245117188,,1.4 GHz Quad-Core Intel Core i5,8 GB 2133 MHz
Thu Nov 26 14:58:41 2020,0.1088569164276123,,1.4 GHz Quad-Core Intel Core i5,8 GB 2133 MHz
Thu Nov 26 14:58:42 2020,0.11139297485351562,,1.4 GHz Quad-Core Intel Core i5,8 GB 2133 MHz
Thu Nov 26 14:58:43 2020,0.1099541187286377,,1.4 GHz Quad-Core Intel Core i5,8 GB 2133 MHz
Thu Nov 26 14:58:44 2020,0.10806989669799805,,1.4 GHz Quad-Core Intel Core i5,8 GB 2133 MHz
Thu Nov 26 14:58:46 2020,0.10720467567443848,,1.4 GHz Quad-Core Intel Core i5,8 GB 2133 MHz
Thu Nov 26 14:58:47 2020,0.1035451889038086,,1.4 GHz Quad-Core Intel Core i5,8 GB 2133 MHz
Thu Nov 26 14:58:48 2020,0.10643196105957031,,1.4 GHz Quad-Core Intel Core i5,8 GB 2133 MHz
Thu Nov 26 14:58:49 2020,0.11397719383239746,,1.4 GHz Quad-Core Intel Core i5,8 GB 2133 MHz
Thu Nov 26 14:58:50 2020,0.10187888145446777,,1.4 GHz Quad-Core Intel Core i5,8 GB 2133 MHz
Thu Nov 26 14:58:51 2020,0.11313700675964355,,1.4 GHz Quad-Core Intel Core i5,8 GB 2133 MHz
Thu Nov 26 14:58:52 2020,0.09945488,,1.4 GHz Quad-Core Intel Core i5,8 GB 2133 MHz
Thu Nov 26 14:58:53 2020,0.10986208915710449,,1.4 GHz Quad-Core Intel Core i5,8 GB 2133 MHz
Thu Nov 26 14:58:54 2020,0.11964201927185059,,1.4 GHz Quad-Core Intel Core i5,8 GB 2133 MHz
Thu Nov 26 14:58:56 2020,0.11127090454101562,,1.4 GHz Quad-Core Intel Core i5,8 GB 2133 MHz
Thu Nov 26 14:58:57 2020,0.10692691802978516,,1.4 GHz Quad-Core Intel Core i5,8 GB 2133 MHz
Thu Nov 26 14:58:58 2020,0.10532903671264648,,1.4 GHz Quad-Core Intel Core i5,8 GB 2133 MHz
Thu Nov 26 14:58:59 2020,0.10321712493896484,,1.4 GHz Quad-Core Intel Core i5,8 GB 2133 MHz
Thu Nov 26 14:59:00 2020,0.10871195793151855,,1.4 GHz Quad-Core Intel Core i5,8 GB 2133 MHz
Thu Nov 26 14:59:01 2020,0.1077427864074707,,1.4 GHz Quad-Core Intel Core i5,8 GB 2133 MHz
Thu Nov 26 14:59:02 2020,0.10959100723266602,,1.4 GHz Quad-Core Intel Core i5,8 GB 2133 MHz
Thu Nov 26 14:59:03 2020,0.10142183303833008,,1.4 GHz Quad-Core Intel Core i5,8 GB 2133 MHz
Thu Nov 26 14:59:04 2020,0.11365199089050293,,1.4 GHz Quad-Core Intel Core i5,8 GB 2133 MHz
Thu Nov 26 14:59:06 2020,0.10609698295593262,,1.4 GHz Quad-Core Intel Core i5,8 GB 2133 MHz
Thu Nov 26 14:59:07 2020,0.11436915397644043,,1.4 GHz Quad-Core Intel Core i5,8 GB 2133 MHz
Thu Nov 26 14:59:08 2020,0.1089329719543457,,1.4 GHz Quad-Core Intel Core i5,8 GB 2133 MHz
Thu Nov 26 14:59:09 2020,0.10267806053161621,,1.4 GHz Quad-Core Intel Core i5,8 GB 2133 MHz
Thu Nov 26 14:59:10 2020,0.10545611381530762,,1.4 GHz Quad-Core Intel Core i5,8 GB 2133 MHz
Thu Nov 26 14:59:11 2020,0.10331106185913086,,1.4 GHz Quad-Core Intel Core i5,8 GB 2133 MHz
Thu Nov 26 14:59:12 2020,0.11279606819152832,,1.4 GHz Quad-Core Intel Core i5,8 GB 2133 MHz
Thu Nov 26 14:59:13 2020,0.1086111068725586,,1.4 GHz Quad-Core Intel Core i5,8 GB 2133 MHz
Thu Nov 26 14:59:15 2020,0.11676216125488281,,1.4 GHz Quad-Core Intel Core i5,8 GB 2133 MHz
Thu Nov 26 14:59:16 2020,0.11746096611022949,,1.4 GHz Quad-Core Intel Core i5,8 GB 2133 MHz
Thu Nov 26 14:59:17 2020,0.11267900466918945,,1.4 GHz Quad-Core Intel Core i5,8 GB 2133 MHz
Thu Nov 26 14:59:18 2020,0.10672116279602051,,1.4 GHz Quad-Core Intel Core i5,8 GB 2133 MHz
Thu Nov 26 14:59:19 2020,0.116394043,,1.4 GHz Quad-Core Intel Core i5,8 GB 2133 MHz
Thu Nov 26 14:59:20 2020,0.11320686340332031,,1.4 GHz Quad-Core Intel Core i5,8 GB 2133 MHz
Thu Nov 26 14:59:21 2020,0.10345697402954102,,1.4 GHz Quad-Core Intel Core i5,8 GB 2133 MHz
Thu Nov 26 14:59:22 2020,0.11719107627868652,,1.4 GHz Quad-Core Intel Core i5,8 GB 2133 MHz
Thu Nov 26 14:59:23 2020,0.10781216621398926,,1.4 GHz Quad-Core Intel Core i5,8 GB 2133 MHz
Thu Nov 26 14:59:25 2020,0.11142897605895996,,1.4 GHz Quad-Core Intel Core i5,8 GB 2133 MHz
Thu Nov 26 14:59:26 2020,0.11041712760925293,,1.4 GHz Quad-Core Intel Core i5,8 GB 2133 MHz
Thu Nov 26 14:59:27 2020,0.10644721984863281,,1.4 GHz Quad-Core Intel Core i5,8 GB 2133 MHz
Thu Nov 26 14:59:28 2020,0.10524892807006836,,1.4 GHz Quad-Core Intel Core i5,8 GB 2133 MHz
Thu Nov 26 14:59:29 2020,0.1016230583190918,,1.4 GHz Quad-Core Intel Core i5,8 GB 2133 MHz
Thu Nov 26 14:59:30 2020,0.10290098190307617,,1.4 GHz Quad-Core Intel Core i5,8 GB 2133 MHz
Thu Nov 26 14:59:31 2020,0.10965776443481445,,1.4 GHz Quad-Core Intel Core i5,8 GB 2133 MHz
Thu Nov 26 14:59:32 2020,0.11244702339172363,,1.4 GHz Quad-Core Intel Core i5,8 GB 2133 MHz
Thu Nov 26 14:59:33 2020,0.11323690414428711,,1.4 GHz Quad-Core Intel Core i5,8 GB 2133 MHz
Thu Nov 26 14:59:35 2020,0.1102898120880127,,1.4 GHz Quad-Core Intel Core i5,8 GB 2133 MHz
Thu Nov 26 14:59:36 2020,0.10602998733520508,,1.4 GHz Quad-Core Intel Core i5,8 GB 2133 MHz
Thu Nov 26 14:59:37 2020,0.11691904067993164,,1.4 GHz Quad-Core Intel Core i5,8 GB 2133 MHz
Thu Nov 26 14:59:38 2020,0.096099138,,1.4 GHz Quad-Core Intel Core i5,8 GB 2133 MHz
Thu Nov 26 14:59:39 2020,0.11995315551757812,,1.4 GHz Quad-Core Intel Core i5,8 GB 2133 MHz
Thu Nov 26 14:59:40 2020,0.10429906845092773,,1.4 GHz Quad-Core Intel Core i5,8 GB 2133 MHz
Thu Nov 26 14:59:41 2020,0.10429906845092773,,1.4 GHz Quad-Core Intel Core i5,8 GB 2133 MHz
Thu Nov 26 14:59:42 2020,0.10973310470581055,,1.4 GHz Quad-Core Intel Core i5,8 GB 2133 MHz
Thu Nov 26 14:59:44 2020,0.11510920524597168,,1.4 GHz Quad-Core Intel Core i5,8 GB 2133 MHz
Thu Nov 26 14:59:45 2020,0.11887717247009277,,1.4 GHz Quad-Core Intel Core i5,8 GB 2133 MHz
Thu Nov 26 14:59:46 2020,0.1063988208770752,,1.4 GHz Quad-Core Intel Core i5,8 GB 2133 MHz
Thu Nov 26 14:59:47 2020,0.10925006866455078,,1.4 GHz Quad-Core Intel Core i5,8 GB 2133 MHz
Thu Nov 26 14:59:48 2020,0.11186981201171875,,1.4 GHz Quad-Core Intel Core i5,8 GB 2133 MHz
Thu Nov 26 14:59:49 2020,0.10082292556762695,,1.4 GHz Quad-Core Intel Core i5,8 GB 2133 MHz
Thu Nov 26 14:59:50 2020,0.1006629467010498,,1.4 GHz Quad-Core Intel Core i5,8 GB 2133 MHz
Thu Nov 26 14:59:51 2020,0.10567617416381836,,1.4 GHz Quad-Core Intel Core i5,8 GB 2133 MHz
Thu Nov 26 14:59:52 2020,0.10301899909973145,,1.4 GHz Quad-Core Intel Core i5,8 GB 2133 MHz
Thu Nov 26 14:59:54 2020,0.11289501190185547,,1.4 GHz Quad-Core Intel Core i5,8 GB 2133 MHz
Thu Nov 26 14:59:55 2020,0.11255812644958496,,1.4 GHz Quad-Core Intel Core i5,8 GB 2133 MHz
Thu Nov 26 14:59:56 2020,0.10718965530395508,,1.4 GHz Quad-Core Intel Core i5,8 GB 2133 MHz
Thu Nov 26 14:59:57 2020,0.10917782783508301,,1.4 GHz Quad-Core Intel Core i5,8 GB 2133 MHz
Thu Nov 26 14:59:58 2020,0.10179305076599121,,1.4 GHz Quad-Core Intel Core i5,8 GB 2133 MHz
Thu Nov 26 14:59:59 2020,0.11516189575195312,,1.4 GHz Quad-Core Intel Core i5,8 GB 2133 MHz
Thu Nov 26 15:00:00 2020,0.11390089988708496,,1.4 GHz Quad-Core Intel Core i5,8 GB 2133 MHz
Thu Nov 26 15:00:01 2020,0.1098318099975586,,1.4 GHz Quad-Core Intel Core i5,8 GB 2133 MHz
Thu Nov 26 15:00:02 2020,0.10947012901306152,,1.4 GHz Quad-Core Intel Core i5,8 GB 2133 MHz
Thu Nov 26 15:00:04 2020,0.10215306282043457,,1.4 GHz Quad-Core Intel Core i5,8 GB 2133 MHz
Thu Nov 26 15:00:05 2020,0.1125030517578125,,1.4 GHz Quad-Core Intel Core i5,8 GB 2133 MHz
Thu Nov 26 15:00:06 2020,0.10762381553649902,,1.4 GHz Quad-Core Intel Core i5,8 GB 2133 MHz
Thu Nov 26 15:00:07 2020,0.10902714729309082,,1.4 GHz Quad-Core Intel Core i5,8 GB 2133 MHz
Thu Nov 26 15:00:08 2020,0.11575102806091309,,1.4 GHz Quad-Core Intel Core i5,8 GB 2133 MHz
Thu Nov 26 15:00:09 2020,0.10984301567077637,,1.4 GHz Quad-Core Intel Core i5,8 GB 2133 MHz
Thu Nov 26 15:00:10 2020,0.11702561378479004,,1.4 GHz Quad-Core Intel Core i5,8 GB 2133 MHz
Thu Nov 26 15:00:11 2020,0.10630297660827637,,1.4 GHz Quad-Core Intel Core i5,8 GB 2133 MHz
Thu Nov 26 15:00:12 2020,0.10187005996704102,,1.4 GHz Quad-Core Intel Core i5,8 GB 2133 MHz
Thu Nov 26 15:00:14 2020,0.1060018539428711,,1.4 GHz Quad-Core Intel Core i5,8 GB 2133 MHz
Thu Nov 26 15:00:15 2020,0.1080160140991211,,1.4 GHz Quad-Core Intel Core i5,8 GB 2133 MHz
Thu Nov 26 15:00:16 2020,0.11685299873352051,,1.4 GHz Quad-Core Intel Core i5,8 GB 2133 MHz
Thu Nov 26 15:00:17 2020,0.099035025,,1.4 GHz Quad-Core Intel Core i5,8 GB 2133 MHz
Thu Nov 26 15:00:18 2020,0.10066986083984375,,1.4 GHz Quad-Core Intel Core i5,8 GB 2133 MHz
Thu Nov 26 15:00:19 2020,0.11361289024353027,,1.4 GHz Quad-Core Intel Core i5,8 GB 2133 MHz
Thu Nov 26 15:00:20 2020,0.10620331764221191,,1.4 GHz Quad-Core Intel Core i5,8 GB 2133 MHz
Thu Nov 26 15:00:21 2020,0.10736393928527832,,1.4 GHz Quad-Core Intel Core i5,8 GB 2133 MHz
Thu Nov 26 15:00:23 2020,0.11639976501464844,,1.4 GHz Quad-Core Intel Core i5,8 GB 2133 MHz
Thu Nov 26 15:00:24 2020,0.11336112022399902,,1.4 GHz Quad-Core Intel Core i5,8 GB 2133 MHz
Thu Nov 26 15:00:25 2020,0.12055087089538574,,1.4 GHz Quad-Core Intel Core i5,8 GB 2133 MHz
Thu Nov 26 15:00:26 2020,0.11467504501342773,,1.4 GHz Quad-Core Intel Core i5,8 GB 2133 MHz
Thu Nov 26 15:00:27 2020,0.10603785514831543,,1.4 GHz Quad-Core Intel Core i5,8 GB 2133 MHz
Thu Nov 26 15:00:28 2020,0.10656619071960449,,1.4 GHz Quad-Core Intel Core i5,8 GB 2133 MHz
Thu Nov 26 15:00:29 2020,0.10673880577087402,,1.4 GHz Quad-Core Intel Core i5,8 GB 2133 MHz
Thu Nov 26 15:00:30 2020,0.10620498657226562,,1.4 GHz Quad-Core Intel Core i5,8 GB 2133 MHz
Thu Nov 26 15:00:31 2020,0.10921883583068848,,1.4 GHz Quad-Core Intel Core i5,8 GB 2133 MHz
Thu Nov 26 15:00:33 2020,0.10287284851074219,,1.4 GHz Quad-Core Intel Core i5,8 GB 2133 MHz
Thu Nov 26 15:00:34 2020,0.11157512664794922,,1.4 GHz Quad-Core Intel Core i5,8 GB 2133 MHz
Thu Nov 26 15:00:35 2020,0.10333585739135742,,1.4 GHz Quad-Core Intel Core i5,8 GB 2133 MHz
Thu Nov 26 15:00:36 2020,0.10360217094421387,,1.4 GHz Quad-Core Intel Core i5,8 GB 2133 MHz
Thu Nov 26 15:00:37 2020,0.10525298118591309,,1.4 GHz Quad-Core Intel Core i5,8 GB 2133 MHz
Thu Nov 26 15:00:38 2020,0.1000828742980957,,1.4 GHz Quad-Core Intel Core i5,8 GB 2133 MHz
Thu Nov 26 15:00:39 2020,0.10611701011657715,,1.4 GHz Quad-Core Intel Core i5,8 GB 2133 MHz
Thu Nov 26 15:00:40 2020,0.10190606117248535,,1.4 GHz Quad-Core Intel Core i5,8 GB 2133 MHz
Thu Nov 26 15:00:41 2020,0.1076359748840332,,1.4 GHz Quad-Core Intel Core i5,8 GB 2133 MHz
Thu Nov 26 15:00:43 2020,0.11007499694824219,,1.4 GHz Quad-Core Intel Core i5,8 GB 2133 MHz
Thu Nov 26 15:00:44 2020,0.10187315940856934,,1.4 GHz Quad-Core Intel Core i5,8 GB 2133 MHz
Thu Nov 26 15:00:45 2020,0.11457633972167969,,1.4 GHz Quad-Core Intel Core i5,8 GB 2133 MHz
Thu Nov 26 15:00:46 2020,0.11439800262451172,,1.4 GHz Quad-Core Intel Core i5,8 GB 2133 MHz
Thu Nov 26 15:00:47 2020,0.10609889030456543,,1.4 GHz Quad-Core Intel Core i5,8 GB 2133 MHz
Thu Nov 26 15:00:48 2020,0.10359787940979004,,1.4 GHz Quad-Core Intel Core i5,8 GB 2133 MHz
Thu Nov 26 15:00:49 2020,0.1117250919342041,,1.4 GHz Quad-Core Intel Core i5,8 GB 2133 MHz
Thu Nov 26 15:00:50 2020,0.10104107856750488,,1.4 GHz Quad-Core Intel Core i5,8 GB 2133 MHz
Thu Nov 26 15:00:51 2020,0.10597014427185059,,1.4 GHz Quad-Core Intel Core i5,8 GB 2133 MHz
Thu Nov 26 15:00:53 2020,0.11353278160095215,,1.4 GHz Quad-Core Intel Core i5,8 GB 2133 MHz
Thu Nov 26 15:00:54 2020,0.10600495338439941,,1.4 GHz Quad-Core Intel Core i5,8 GB 2133 MHz
Thu Nov 26 15:00:55 2020,0.10686516761779785,,1.4 GHz Quad-Core Intel Core i5,8 GB 2133 MHz
Thu Nov 26 15:00:56 2020,0.1001729965209961,,1.4 GHz Quad-Core Intel Core i5,8 GB 2133 MHz
Thu Nov 26 15:00:57 2020,0.11269783973693848,,1.4 GHz Quad-Core Intel Core i5,8 GB 2133 MHz
Thu Nov 26 15:00:58 2020,0.11431503295898438,,1.4 GHz Quad-Core Intel Core i5,8 GB 2133 MHz
Thu Nov 26 15:00:59 2020,0.10777091979980469,,1.4 GHz Quad-Core Intel Core i5,8 GB 2133 MHz
Thu Nov 26 15:01:00 2020,0.10006284713745117,,1.4 GHz Quad-Core Intel Core i5,8 GB 2133 MHz
Thu Nov 26 15:01:01 2020,0.10004210472106934,,1.4 GHz Quad-Core Intel Core i5,8 GB 2133 MHz
Thu Nov 26 15:01:03 2020,0.11685514450073242,,1.4 GHz Quad-Core Intel Core i5,8 GB 2133 MHz
Thu Nov 26 15:01:04 2020,0.12233710289001465,,1.4 GHz Quad-Core Intel Core i5,8 GB 2133 MHz
Thu Nov 26 15:01:05 2020,0.10700702667236328,,1.4 GHz Quad-Core Intel Core i5,8 GB 2133 MHz
Thu Nov 26 15:01:06 2020,0.10412001609802246,,1.4 GHz Quad-Core Intel Core i5,8 GB 2133 MHz
Thu Nov 26 15:01:07 2020,0.10305595397949219,,1.4 GHz Quad-Core Intel Core i5,8 GB 2133 MHz
Thu Nov 26 15:01:08 2020,0.10631513595581055,,1.4 GHz Quad-Core Intel Core i5,8 GB 2133 MHz
Thu Nov 26 15:01:09 2020,0.11299777030944824,,1.4 GHz Quad-Core Intel Core i5,8 GB 2133 MHz
Thu Nov 26 15:01:10 2020,0.10126829147338867,,1.4 GHz Quad-Core Intel Core i5,8 GB 2133 MHz
Thu Nov 26 15:01:12 2020,0.10641884803771973,,1.4 GHz Quad-Core Intel Core i5,8 GB 2133 MHz
Thu Nov 26 15:01:13 2020,0.10287785530090332,,1.4 GHz Quad-Core Intel Core i5,8 GB 2133 MHz
Thu Nov 26 15:01:14 2020,0.11580300331115723,,1.4 GHz Quad-Core Intel Core i5,8 GB 2133 MHz
Thu Nov 26 15:01:15 2020,0.11664319038391113,,1.4 GHz Quad-Core Intel Core i5,8 GB 2133 MHz
Thu Nov 26 15:01:16 2020,0.10835599899291992,,1.4 GHz Quad-Core Intel Core i5,8 GB 2133 MHz
Thu Nov 26 15:01:17 2020,0.11429667472839355,,1.4 GHz Quad-Core Intel Core i5,8 GB 2133 MHz
Thu Nov 26 15:01:18 2020,0.093862057,,1.4 GHz Quad-Core Intel Core i5,8 GB 2133 MHz
Thu Nov 26 15:01:19 2020,0.11137104034423828,,1.4 GHz Quad-Core Intel Core i5,8 GB 2133 MHz
Thu Nov 26 15:01:20 2020,0.11315608024597168,,1.4 GHz Quad-Core Intel Core i5,8 GB 2133 MHz
Thu Nov 26 15:01:22 2020,0.10761499404907227,,1.4 GHz Quad-Core Intel Core i5,8 GB 2133 MHz
Thu Nov 26 15:01:23 2020,0.1111760139465332,,1.4 GHz Quad-Core Intel Core i5,8 GB 2133 MHz
Thu Nov 26 15:01:24 2020,0.10476493835449219,,1.4 GHz Quad-Core Intel Core i5,8 GB 2133 MHz
Thu Nov 26 15:01:25 2020,0.119384766,,1.4 GHz Quad-Core Intel Core i5,8 GB 2133 MHz
Thu Nov 26 15:01:26 2020,0.099709988,,1.4 GHz Quad-Core Intel Core i5,8 GB 2133 MHz
Thu Nov 26 15:01:27 2020,0.097977877,,1.4 GHz Quad-Core Intel Core i5,8 GB 2133 MHz
Thu Nov 26 15:01:28 2020,0.11548995971679688,,1.4 GHz Quad-Core Intel Core i5,8 GB 2133 MHz
Thu Nov 26 15:01:29 2020,0.10265707969665527,,1.4 GHz Quad-Core Intel Core i5,8 GB 2133 MHz
Thu Nov 26 15:01:30 2020,0.10910797119140625,,1.4 GHz Quad-Core Intel Core i5,8 GB 2133 MHz
Thu Nov 26 15:01:32 2020,0.10231184959411621,,1.4 GHz Quad-Core Intel Core i5,8 GB 2133 MHz
Thu Nov 26 15:01:33 2020,0.099277258,,1.4 GHz Quad-Core Intel Core i5,8 GB 2133 MHz
Thu Nov 26 15:01:34 2020,0.10360217094421387,,1.4 GHz Quad-Core Intel Core i5,8 GB 2133 MHz
Thu Nov 26 15:01:35 2020,0.10409784317016602,,1.4 GHz Quad-Core Intel Core i5,8 GB 2133 MHz
Thu Nov 26 15:01:36 2020,0.1166238784790039,,1.4 GHz Quad-Core Intel Core i5,8 GB 2133 MHz
Thu Nov 26 15:01:37 2020,0.099488735,,1.4 GHz Quad-Core Intel Core i5,8 GB 2133 MHz
Thu Nov 26 15:01:38 2020,0.10186910629272461,,1.4 GHz Quad-Core Intel Core i5,8 GB 2133 MHz
Thu Nov 26 15:01:39 2020,0.11192011833190918,,1.4 GHz Quad-Core Intel Core i5,8 GB 2133 MHz
Thu Nov 26 15:01:41 2020,0.10854196548461914,,1.4 GHz Quad-Core Intel Core i5,8 GB 2133 MHz
Thu Nov 26 15:01:42 2020,0.10860490798950195,,1.4 GHz Quad-Core Intel Core i5,8 GB 2133 MHz
Thu Nov 26 15:01:43 2020,0.10411477088928223,,1.4 GHz Quad-Core Intel Core i5,8 GB 2133 MHz
Thu Nov 26 15:01:44 2020,0.1056220531463623,,1.4 GHz Quad-Core Intel Core i5,8 GB 2133 MHz
Thu Nov 26 15:01:45 2020,0.11471390724182129,,1.4 GHz Quad-Core Intel Core i5,8 GB 2133 MHz
Thu Nov 26 15:01:46 2020,0.11394000053405762,,1.4 GHz Quad-Core Intel Core i5,8 GB 2133 MHz
Thu Nov 26 15:01:47 2020,0.11083412170410156,,1.4 GHz Quad-Core Intel Core i5,8 GB 2133 MHz
Thu Nov 26 15:01:48 2020,0.11272692680358887,,1.4 GHz Quad-Core Intel Core i5,8 GB 2133 MHz
Thu Nov 26 15:01:49 2020,0.10830903053283691,,1.4 GHz Quad-Core Intel Core i5,8 GB 2133 MHz
Thu Nov 26 15:01:51 2020,0.11561107635498047,,1.4 GHz Quad-Core Intel Core i5,8 GB 2133 MHz
Thu Nov 26 15:01:52 2020,0.10898470878601074,,1.4 GHz Quad-Core Intel Core i5,8 GB 2133 MHz
Thu Nov 26 15:01:53 2020,0.10038495063781738,,1.4 GHz Quad-Core Intel Core i5,8 GB 2133 MHz
Thu Nov 26 15:01:54 2020,0.11024999618530273,,1.4 GHz Quad-Core Intel Core i5,8 GB 2133 MHz
Thu Nov 26 15:01:55 2020,0.11094498634338379,,1.4 GHz Quad-Core Intel Core i5,8 GB 2133 MHz
Thu Nov 26 15:01:56 2020,0.099189043,,1.4 GHz Quad-Core Intel Core i5,8 GB 2133 MHz
Thu Nov 26 15:01:57 2020,0.1039888858795166,,1.4 GHz Quad-Core Intel Core i5,8 GB 2133 MHz
Thu Nov 26 15:01:58 2020,0.1026918888092041,,1.4 GHz Quad-Core Intel Core i5,8 GB 2133 MHz
Thu Nov 26 15:01:59 2020,0.1074981689453125,,1.4 GHz Quad-Core Intel Core i5,8 GB 2133 MHz
Thu Nov 26 15:02:01 2020,0.11355113983154297,,1.4 GHz Quad-Core Intel Core i5,8 GB 2133 MHz
Thu Nov 26 15:02:02 2020,0.10900282859802246,,1.4 GHz Quad-Core Intel Core i5,8 GB 2133 MHz
Thu Nov 26 15:02:03 2020,0.11143803596496582,,1.4 GHz Quad-Core Intel Core i5,8 GB 2133 MHz
Thu Nov 26 15:02:04 2020,0.1056671142578125,,1.4 GHz Quad-Core Intel Core i5,8 GB 2133 MHz
Thu Nov 26 15:02:05 2020,0.11021590232849121,,1.4 GHz Quad-Core Intel Core i5,8 GB 2133 MHz
Thu Nov 26 15:02:06 2020,0.097631931,,1.4 GHz Quad-Core Intel Core i5,8 GB 2133 MHz
Thu Nov 26 15:02:07 2020,0.10240793228149414,,1.4 GHz Quad-Core Intel Core i5,8 GB 2133 MHz
Thu Nov 26 15:02:08 2020,0.11786913871765137,,1.4 GHz Quad-Core Intel Core i5,8 GB 2133 MHz
Thu Nov 26 15:02:09 2020,0.11014986038208008,,1.4 GHz Quad-Core Intel Core i5,8 GB 2133 MHz
Thu Nov 26 15:02:11 2020,0.10853290557861328,,1.4 GHz Quad-Core Intel Core i5,8 GB 2133 MHz
Thu Nov 26 15:02:12 2020,0.10146808624267578,,1.4 GHz Quad-Core Intel Core i5,8 GB 2133 MHz
Thu Nov 26 15:02:13 2020,0.11029624938964844,,1.4 GHz Quad-Core Intel Core i5,8 GB 2133 MHz
Thu Nov 26 15:02:14 2020,0.10122895240783691,,1.4 GHz Quad-Core Intel Core i5,8 GB 2133 MHz
Thu Nov 26 15:02:15 2020,0.11467790603637695,,1.4 GHz Quad-Core Intel Core i5,8 GB 2133 MHz
Thu Nov 26 15:02:16 2020,0.10206317901611328,,1.4 GHz Quad-Core Intel Core i5,8 GB 2133 MHz
Thu Nov 26 15:02:17 2020,0.1142430305480957,,1.4 GHz Quad-Core Intel Core i5,8 GB 2133 MHz
Thu Nov 26 15:02:18 2020,0.11721301078796387,,1.4 GHz Quad-Core Intel Core i5,8 GB 2133 MHz
Thu Nov 26 15:02:20 2020,0.10264325141906738,,1.4 GHz Quad-Core Intel Core i5,8 GB 2133 MHz
Thu Nov 26 15:02:21 2020,0.1116938591003418,,1.4 GHz Quad-Core Intel Core i5,8 GB 2133 MHz
Thu Nov 26 15:02:22 2020,0.098465681,,1.4 GHz Quad-Core Intel Core i5,8 GB 2133 MHz
Thu Nov 26 15:02:23 2020,0.10919785499572754,,1.4 GHz Quad-Core Intel Core i5,8 GB 2133 MHz
Thu Nov 26 15:02:24 2020,0.11558914184570312,,1.4 GHz Quad-Core Intel Core i5,8 GB 2133 MHz
Thu Nov 26 15:02:25 2020,0.099800825,,1.4 GHz Quad-Core Intel Core i5,8 GB 2133 MHz
Thu Nov 26 15:02:26 2020,0.11684608459472656,,1.4 GHz Quad-Core Intel Core i5,8 GB 2133 MHz
Thu Nov 26 15:02:27 2020,0.10401177406311035,,1.4 GHz Quad-Core Intel Core i5,8 GB 2133 MHz
Thu Nov 26 15:02:28 2020,0.1098179817199707,,1.4 GHz Quad-Core Intel Core i5,8 GB 2133 MHz
Thu Nov 26 15:02:30 2020,0.11312317848205566,,1.4 GHz Quad-Core Intel Core i5,8 GB 2133 MHz
Thu Nov 26 15:02:31 2020,0.10218191146850586,,1.4 GHz Quad-Core Intel Core i5,8 GB 2133 MHz
Thu Nov 26 15:02:32 2020,0.10847306251525879,,1.4 GHz Quad-Core Intel Core i5,8 GB 2133 MHz
Thu Nov 26 15:02:33 2020,0.10957694053649902,,1.4 GHz Quad-Core Intel Core i5,8 GB 2133 MHz
Thu Nov 26 15:02:34 2020,0.10615110397338867,,1.4 GHz Quad-Core Intel Core i5,8 GB 2133 MHz
Thu Nov 26 15:02:35 2020,0.10236525535583496,,1.4 GHz Quad-Core Intel Core i5,8 GB 2133 MHz
Thu Nov 26 15:02:36 2020,0.10099220275878906,,1.4 GHz Quad-Core Intel Core i5,8 GB 2133 MHz
Thu Nov 26 15:02:37 2020,0.10122323036193848,,1.4 GHz Quad-Core Intel Core i5,8 GB 2133 MHz
Thu Nov 26 15:02:38 2020,0.10092282295227051,,1.4 GHz Quad-Core Intel Core i5,8 GB 2133 MHz
Thu Nov 26 15:02:40 2020,0.10602784156799316,,1.4 GHz Quad-Core Intel Core i5,8 GB 2133 MHz
Thu Nov 26 15:02:41 2020,0.12540531158447266,,1.4 GHz Quad-Core Intel Core i5,8 GB 2133 MHz
Thu Nov 26 15:02:42 2020,0.10278701782226562,,1.4 GHz Quad-Core Intel Core i5,8 GB 2133 MHz
Thu Nov 26 15:02:43 2020,0.10046172142028809,,1.4 GHz Quad-Core Intel Core i5,8 GB 2133 MHz
Thu Nov 26 15:02:44 2020,0.11359095573425293,,1.4 GHz Quad-Core Intel Core i5,8 GB 2133 MHz
Thu Nov 26 15:02:45 2020,0.10537600517272949,,1.4 GHz Quad-Core Intel Core i5,8 GB 2133 MHz
Thu Nov 26 15:02:46 2020,0.11594390869140625,,1.4 GHz Quad-Core Intel Core i5,8 GB 2133 MHz
Thu Nov 26 15:02:47 2020,0.10738420486450195,,1.4 GHz Quad-Core Intel Core i5,8 GB 2133 MHz
Thu Nov 26 15:02:48 2020,0.099199057,,1.4 GHz Quad-Core Intel Core i5,8 GB 2133 MHz
Thu Nov 26 15:02:50 2020,0.099636078,,1.4 GHz Quad-Core Intel Core i5,8 GB 2133 MHz
Thu Nov 26 15:02:51 2020,0.11794304847717285,,1.4 GHz Quad-Core Intel Core i5,8 GB 2133 MHz
Thu Nov 26 15:02:52 2020,0.2263927459716797,,1.4 GHz Quad-Core Intel Core i5,8 GB 2133 MHz
Thu Nov 26 15:02:53 2020,0.11653304100036621,,1.4 GHz Quad-Core Intel Core i5,8 GB 2133 MHz
Thu Nov 26 15:02:54 2020,0.1132049560546875,,1.4 GHz Quad-Core Intel Core i5,8 GB 2133 MHz
Thu Nov 26 15:02:55 2020,0.11572575569152832,,1.4 GHz Quad-Core Intel Core i5,8 GB 2133 MHz
Thu Nov 26 15:02:56 2020,0.10960698127746582,,1.4 GHz Quad-Core Intel Core i5,8 GB 2133 MHz
Thu Nov 26 15:02:58 2020,0.10670685768127441,,1.4 GHz Quad-Core Intel Core i5,8 GB 2133 MHz
Thu Nov 26 15:02:59 2020,0.10609793663024902,,1.4 GHz Quad-Core Intel Core i5,8 GB 2133 MHz
Thu Nov 26 15:03:00 2020,0.10215902328491211,,1.4 GHz Quad-Core Intel Core i5,8 GB 2133 MHz
Thu Nov 26 15:03:01 2020,0.10982203483581543,,1.4 GHz Quad-Core Intel Core i5,8 GB 2133 MHz
Thu Nov 26 15:03:02 2020,0.12134885787963867,,1.4 GHz Quad-Core Intel Core i5,8 GB 2133 MHz
Thu Nov 26 15:03:03 2020,0.1154167652130127,,1.4 GHz Quad-Core Intel Core i5,8 GB 2133 MHz
Thu Nov 26 15:03:04 2020,0.11159110069274902,,1.4 GHz Quad-Core Intel Core i5,8 GB 2133 MHz
Thu Nov 26 15:03:05 2020,0.11042213439941406,,1.4 GHz Quad-Core Intel Core i5,8 GB 2133 MHz
Thu Nov 26 15:03:06 2020,0.10363292694091797,,1.4 GHz Quad-Core Intel Core i5,8 GB 2133 MHz
Thu Nov 26 15:03:08 2020,0.11029815673828125,,1.4 GHz Quad-Core Intel Core i5,8 GB 2133 MHz
Thu Nov 26 15:03:09 2020,0.11270499229431152,,1.4 GHz Quad-Core Intel Core i5,8 GB 2133 MHz
Thu Nov 26 15:03:10 2020,0.10994720458984375,,1.4 GHz Quad-Core Intel Core i5,8 GB 2133 MHz
Thu Nov 26 15:03:11 2020,0.10379886627197266,,1.4 GHz Quad-Core Intel Core i5,8 GB 2133 MHz
Thu Nov 26 15:03:12 2020,0.10864520072937012,,1.4 GHz Quad-Core Intel Core i5,8 GB 2133 MHz
Thu Nov 26 15:03:13 2020,0.11391472816467285,,1.4 GHz Quad-Core Intel Core i5,8 GB 2133 MHz
Thu Nov 26 15:03:14 2020,0.11149787902832031,,1.4 GHz Quad-Core Intel Core i5,8 GB 2133 MHz
Thu Nov 26 15:03:15 2020,0.11153388023376465,,1.4 GHz Quad-Core Intel Core i5,8 GB 2133 MHz
Thu Nov 26 15:03:16 2020,0.10392498970031738,,1.4 GHz Quad-Core Intel Core i5,8 GB 2133 MHz
Thu Nov 26 15:03:18 2020,0.11513495445251465,,1.4 GHz Quad-Core Intel Core i5,8 GB 2133 MHz
Thu Nov 26 15:03:19 2020,0.10322403907775879,,1.4 GHz Quad-Core Intel Core i5,8 GB 2133 MHz
Thu Nov 26 15:03:20 2020,0.1127312183380127,,1.4 GHz Quad-Core Intel Core i5,8 GB 2133 MHz
Thu Nov 26 15:03:21 2020,0.1134028434753418,,1.4 GHz Quad-Core Intel Core i5,8 GB 2133 MHz
Thu Nov 26 15:03:22 2020,0.10891103744506836,,1.4 GHz Quad-Core Intel Core i5,8 GB 2133 MHz
Thu Nov 26 15:03:23 2020,0.099700928,,1.4 GHz Quad-Core Intel Core i5,8 GB 2133 MHz
Thu Nov 26 15:03:24 2020,0.11081814765930176,,1.4 GHz Quad-Core Intel Core i5,8 GB 2133 MHz
Thu Nov 26 15:03:25 2020,0.10927796363830566,,1.4 GHz Quad-Core Intel Core i5,8 GB 2133 MHz
Thu Nov 26 15:03:27 2020,0.11310815811157227,,1.4 GHz Quad-Core Intel Core i5,8 GB 2133 MHz
Thu Nov 26 15:03:28 2020,0.11379790306091309,,1.4 GHz Quad-Core Intel Core i5,8 GB 2133 MHz
Thu Nov 26 15:03:29 2020,0.11410117149353027,,1.4 GHz Quad-Core Intel Core i5,8 GB 2133 MHz
Thu Nov 26 15:03:30 2020,0.10933113098144531,,1.4 GHz Quad-Core Intel Core i5,8 GB 2133 MHz
Thu Nov 26 15:03:31 2020,0.10747289657592773,,1.4 GHz Quad-Core Intel Core i5,8 GB 2133 MHz
Thu Nov 26 15:03:32 2020,0.10845804214477539,,1.4 GHz Quad-Core Intel Core i5,8 GB 2133 MHz
Thu Nov 26 15:03:33 2020,0.11297106742858887,,1.4 GHz Quad-Core Intel Core i5,8 GB 2133 MHz
Thu Nov 26 15:03:34 2020,0.1091911792755127,,1.4 GHz Quad-Core Intel Core i5,8 GB 2133 MHz
Thu Nov 26 15:03:35 2020,0.11020207405090332,,1.4 GHz Quad-Core Intel Core i5,8 GB 2133 MHz
Thu Nov 26 15:03:37 2020,0.10376906394958496,,1.4 GHz Quad-Core Intel Core i5,8 GB 2133 MHz
Thu Nov 26 15:03:38 2020,0.10777807235717773,,1.4 GHz Quad-Core Intel Core i5,8 GB 2133 MHz
Thu Nov 26 15:03:39 2020,0.11456990242004395,,1.4 GHz Quad-Core Intel Core i5,8 GB 2133 MHz
Thu Nov 26 15:03:40 2020,0.10744380950927734,,1.4 GHz Quad-Core Intel Core i5,8 GB 2133 MHz
Thu Nov 26 15:03:41 2020,0.099636078,,1.4 GHz Quad-Core Intel Core i5,8 GB 2133 MHz
Thu Nov 26 15:03:42 2020,0.11016011238098145,,1.4 GHz Quad-Core Intel Core i5,8 GB 2133 MHz
Thu Nov 26 15:03:43 2020,0.09878087,,1.4 GHz Quad-Core Intel Core i5,8 GB 2133 MHz
Thu Nov 26 15:03:44 2020,0.10171222686767578,,1.4 GHz Quad-Core Intel Core i5,8 GB 2133 MHz
Thu Nov 26 15:03:45 2020,0.11139512062072754,,1.4 GHz Quad-Core Intel Core i5,8 GB 2133 MHz
Thu Nov 26 15:03:47 2020,0.10141611099243164,,1.4 GHz Quad-Core Intel Core i5,8 GB 2133 MHz
Thu Nov 26 15:03:48 2020,0.11279606819152832,,1.4 GHz Quad-Core Intel Core i5,8 GB 2133 MHz
Thu Nov 26 15:03:49 2020,0.11246323585510254,,1.4 GHz Quad-Core Intel Core i5,8 GB 2133 MHz
Thu Nov 26 15:03:50 2020,0.1131291389465332,,1.4 GHz Quad-Core Intel Core i5,8 GB 2133 MHz
Thu Nov 26 15:03:51 2020,0.11974120140075684,,1.4 GHz Quad-Core Intel Core i5,8 GB 2133 MHz
Thu Nov 26 15:03:52 2020,0.10270404815673828,,1.4 GHz Quad-Core Intel Core i5,8 GB 2133 MHz
Thu Nov 26 15:03:53 2020,0.10265016555786133,,1.4 GHz Quad-Core Intel Core i5,8 GB 2133 MHz
Thu Nov 26 15:03:54 2020,0.10869121551513672,,1.4 GHz Quad-Core Intel Core i5,8 GB 2133 MHz
Thu Nov 26 15:03:56 2020,0.10903406143188477,,1.4 GHz Quad-Core Intel Core i5,8 GB 2133 MHz
Thu Nov 26 15:03:57 2020,0.11805486679077148,,1.4 GHz Quad-Core Intel Core i5,8 GB 2133 MHz
Thu Nov 26 15:03:58 2020,0.10652995109558105,,1.4 GHz Quad-Core Intel Core i5,8 GB 2133 MHz
Thu Nov 26 15:03:59 2020,0.10056018829345703,,1.4 GHz Quad-Core Intel Core i5,8 GB 2133 MHz
Thu Nov 26 15:04:00 2020,0.10454511642456055,,1.4 GHz Quad-Core Intel Core i5,8 GB 2133 MHz
Thu Nov 26 15:04:01 2020,0.11016297340393066,,1.4 GHz Quad-Core Intel Core i5,8 GB 2133 MHz
Thu Nov 26 15:04:02 2020,0.10021185874938965,,1.4 GHz Quad-Core Intel Core i5,8 GB 2133 MHz
Thu Nov 26 15:04:03 2020,0.10638809204101562,,1.4 GHz Quad-Core Intel Core i5,8 GB 2133 MHz
Thu Nov 26 15:04:04 2020,0.10648179054260254,,1.4 GHz Quad-Core Intel Core i5,8 GB 2133 MHz
Thu Nov 26 15:04:06 2020,0.099990845,,1.4 GHz Quad-Core Intel Core i5,8 GB 2133 MHz
Thu Nov 26 15:04:07 2020,0.10935330390930176,,1.4 GHz Quad-Core Intel Core i5,8 GB 2133 MHz
Thu Nov 26 15:04:08 2020,0.11721491813659668,,1.4 GHz Quad-Core Intel Core i5,8 GB 2133 MHz
Thu Nov 26 15:04:09 2020,0.10309505462646484,,1.4 GHz Quad-Core Intel Core i5,8 GB 2133 MHz
Thu Nov 26 15:04:10 2020,0.098912716,,1.4 GHz Quad-Core Intel Core i5,8 GB 2133 MHz
Thu Nov 26 15:04:11 2020,0.10907483100891113,,1.4 GHz Quad-Core Intel Core i5,8 GB 2133 MHz
Thu Nov 26 15:04:12 2020,0.1085519790649414,,1.4 GHz Quad-Core Intel Core i5,8 GB 2133 MHz
Thu Nov 26 15:04:13 2020,0.1025857925415039,,1.4 GHz Quad-Core Intel Core i5,8 GB 2133 MHz
Thu Nov 26 15:04:14 2020,0.10157179832458496,,1.4 GHz Quad-Core Intel Core i5,8 GB 2133 MHz
Thu Nov 26 15:04:16 2020,0.11247801780700684,,1.4 GHz Quad-Core Intel Core i5,8 GB 2133 MHz
Thu Nov 26 15:04:17 2020,0.11131787300109863,,1.4 GHz Quad-Core Intel Core i5,8 GB 2133 MHz
Thu Nov 26 15:04:18 2020,0.11898183822631836,,1.4 GHz Quad-Core Intel Core i5,8 GB 2133 MHz
Thu Nov 26 15:04:19 2020,0.1075599193572998,,1.4 GHz Quad-Core Intel Core i5,8 GB 2133 MHz
Thu Nov 26 15:04:20 2020,0.11305499076843262,,1.4 GHz Quad-Core Intel Core i5,8 GB 2133 MHz
Thu Nov 26 15:04:21 2020,0.1087491512298584,,1.4 GHz Quad-Core Intel Core i5,8 GB 2133 MHz
Thu Nov 26 15:04:22 2020,0.10509896278381348,,1.4 GHz Quad-Core Intel Core i5,8 GB 2133 MHz
Thu Nov 26 15:04:23 2020,0.10325217247009277,,1.4 GHz Quad-Core Intel Core i5,8 GB 2133 MHz
Thu Nov 26 15:04:24 2020,0.10545897483825684,,1.4 GHz Quad-Core Intel Core i5,8 GB 2133 MHz
Thu Nov 26 15:04:26 2020,0.11883401870727539,,1.4 GHz Quad-Core Intel Core i5,8 GB 2133 MHz
Thu Nov 26 15:04:27 2020,0.11059212684631348,,1.4 GHz Quad-Core Intel Core i5,8 GB 2133 MHz
Thu Nov 26 15:04:28 2020,0.096563101,,1.4 GHz Quad-Core Intel Core i5,8 GB 2133 MHz
Thu Nov 26 15:04:29 2020,0.11674189567565918,,1.4 GHz Quad-Core Intel Core i5,8 GB 2133 MHz
Thu Nov 26 15:04:30 2020,0.10883498191833496,,1.4 GHz Quad-Core Intel Core i5,8 GB 2133 MHz
Thu Nov 26 15:04:31 2020,0.1048440933227539,,1.4 GHz Quad-Core Intel Core i5,8 GB 2133 MHz
Thu Nov 26 15:04:32 2020,0.10325288772583008,,1.4 GHz Quad-Core Intel Core i5,8 GB 2133 MHz
Thu Nov 26 15:04:33 2020,0.11405801773071289,,1.4 GHz Quad-Core Intel Core i5,8 GB 2133 MHz
Thu Nov 26 15:04:35 2020,0.10813474655151367,,1.4 GHz Quad-Core Intel Core i5,8 GB 2133 MHz
Thu Nov 26 15:04:36 2020,0.11838006973266602,,1.4 GHz Quad-Core Intel Core i5,8 GB 2133 MHz
Thu Nov 26 15:04:37 2020,0.10031414031982422,,1.4 GHz Quad-Core Intel Core i5,8 GB 2133 MHz
Thu Nov 26 15:04:38 2020,0.1126260757446289,,1.4 GHz Quad-Core Intel Core i5,8 GB 2133 MHz
Thu Nov 26 15:04:39 2020,0.11671710014343262,,1.4 GHz Quad-Core Intel Core i5,8 GB 2133 MHz
Thu Nov 26 15:04:40 2020,0.12052798271179199,,1.4 GHz Quad-Core Intel Core i5,8 GB 2133 MHz
Thu Nov 26 15:04:41 2020,0.11147809028625488,,1.4 GHz Quad-Core Intel Core i5,8 GB 2133 MHz
Thu Nov 26 15:04:42 2020,0.1029360294342041,,1.4 GHz Quad-Core Intel Core i5,8 GB 2133 MHz
Thu Nov 26 15:04:43 2020,0.11227798461914062,,1.4 GHz Quad-Core Intel Core i5,8 GB 2133 MHz
Thu Nov 26 15:04:45 2020,0.11048197746276855,,1.4 GHz Quad-Core Intel Core i5,8 GB 2133 MHz
Thu Nov 26 15:04:46 2020,0.10290789604187012,,1.4 GHz Quad-Core Intel Core i5,8 GB 2133 MHz
Thu Nov 26 15:04:47 2020,0.10747003555297852,,1.4 GHz Quad-Core Intel Core i5,8 GB 2133 MHz
Thu Nov 26 15:04:48 2020,0.10961794853210449,,1.4 GHz Quad-Core Intel Core i5,8 GB 2133 MHz
Thu Nov 26 15:04:49 2020,0.10625505447387695,,1.4 GHz Quad-Core Intel Core i5,8 GB 2133 MHz
Thu Nov 26 15:04:50 2020,0.11057424545288086,,1.4 GHz Quad-Core Intel Core i5,8 GB 2133 MHz
Thu Nov 26 15:04:51 2020,0.10441803932189941,,1.4 GHz Quad-Core Intel Core i5,8 GB 2133 MHz
Thu Nov 26 15:04:52 2020,0.10335111618041992,,1.4 GHz Quad-Core Intel Core i5,8 GB 2133 MHz
Thu Nov 26 15:04:53 2020,0.11305403709411621,,1.4 GHz Quad-Core Intel Core i5,8 GB 2133 MHz
Thu Nov 26 15:04:55 2020,0.10291314125061035,,1.4 GHz Quad-Core Intel Core i5,8 GB 2133 MHz
Thu Nov 26 15:04:56 2020,0.1071920394897461,,1.4 GHz Quad-Core Intel Core i5,8 GB 2133 MHz
Thu Nov 26 15:04:57 2020,0.10801506042480469,,1.4 GHz Quad-Core Intel Core i5,8 GB 2133 MHz
Thu Nov 26 15:04:58 2020,0.11467480659484863,,1.4 GHz Quad-Core Intel Core i5,8 GB 2133 MHz
Thu Nov 26 15:04:59 2020,0.10963296890258789,,1.4 GHz Quad-Core Intel Core i5,8 GB 2133 MHz
Thu Nov 26 15:05:00 2020,0.10053610801696777,,1.4 GHz Quad-Core Intel Core i5,8 GB 2133 MHz
Thu Nov 26 15:05:01 2020,0.10869503021240234,,1.4 GHz Quad-Core Intel Core i5,8 GB 2133 MHz
Thu Nov 26 15:05:02 2020,0.11385703086853027,,1.4 GHz Quad-Core Intel Core i5,8 GB 2133 MHz
Thu Nov 26 15:05:04 2020,0.10666394233703613,,1.4 GHz Quad-Core Intel Core i5,8 GB 2133 MHz
Thu Nov 26 15:05:05 2020,0.10811805725097656,,1.4 GHz Quad-Core Intel Core i5,8 GB 2133 MHz
Thu Nov 26 15:05:06 2020,0.10736203193664551,,1.4 GHz Quad-Core Intel Core i5,8 GB 2133 MHz
Thu Nov 26 15:05:07 2020,0.10658836364746094,,1.4 GHz Quad-Core Intel Core i5,8 GB 2133 MHz
Thu Nov 26 15:05:08 2020,0.097970963,,1.4 GHz Quad-Core Intel Core i5,8 GB 2133 MHz
Thu Nov 26 15:05:09 2020,0.11358499526977539,,1.4 GHz Quad-Core Intel Core i5,8 GB 2133 MHz
Thu Nov 26 15:05:10 2020,0.1084437370300293,,1.4 GHz Quad-Core Intel Core i5,8 GB 2133 MHz
Thu Nov 26 15:05:11 2020,0.11520791053771973,,1.4 GHz Quad-Core Intel Core i5,8 GB 2133 MHz
Thu Nov 26 15:05:12 2020,0.11634206771850586,,1.4 GHz Quad-Core Intel Core i5,8 GB 2133 MHz
Thu Nov 26 15:05:14 2020,0.10667109489440918,,1.4 GHz Quad-Core Intel Core i5,8 GB 2133 MHz
Thu Nov 26 15:05:15 2020,0.10617899894714355,,1.4 GHz Quad-Core Intel Core i5,8 GB 2133 MHz
Thu Nov 26 15:05:16 2020,0.10483789443969727,,1.4 GHz Quad-Core Intel Core i5,8 GB 2133 MHz
Thu Nov 26 15:05:17 2020,0.10540604591369629,,1.4 GHz Quad-Core Intel Core i5,8 GB 2133 MHz
Thu Nov 26 15:05:18 2020,0.10584616661071777,,1.4 GHz Quad-Core Intel Core i5,8 GB 2133 MHz
Thu Nov 26 15:05:19 2020,0.10926580429077148,,1.4 GHz Quad-Core Intel Core i5,8 GB 2133 MHz
Thu Nov 26 15:05:20 2020,0.11121201515197754,,1.4 GHz Quad-Core Intel Core i5,8 GB 2133 MHz
Thu Nov 26 15:05:21 2020,0.1055612564086914,,1.4 GHz Quad-Core Intel Core i5,8 GB 2133 MHz
Thu Nov 26 15:05:22 2020,0.12227511405944824,,1.4 GHz Quad-Core Intel Core i5,8 GB 2133 MHz
Thu Nov 26 15:05:24 2020,0.11432695388793945,,1.4 GHz Quad-Core Intel Core i5,8 GB 2133 MHz
Thu Nov 26 15:05:25 2020,0.10101580619812012,,1.4 GHz Quad-Core Intel Core i5,8 GB 2133 MHz
Thu Nov 26 15:05:26 2020,0.10937094688415527,,1.4 GHz Quad-Core Intel Core i5,8 GB 2133 MHz
Thu Nov 26 15:05:27 2020,0.11233091354370117,,1.4 GHz Quad-Core Intel Core i5,8 GB 2133 MHz
Thu Nov 26 15:05:28 2020,0.10409903526306152,,1.4 GHz Quad-Core Intel Core i5,8 GB 2133 MHz
Thu Nov 26 15:05:29 2020,0.1100761890411377,,1.4 GHz Quad-Core Intel Core i5,8 GB 2133 MHz
Thu Nov 26 15:05:30 2020,0.10665583610534668,,1.4 GHz Quad-Core Intel Core i5,8 GB 2133 MHz
Thu Nov 26 15:05:31 2020,0.1011192798614502,,1.4 GHz Quad-Core Intel Core i5,8 GB 2133 MHz
Thu Nov 26 15:05:33 2020,0.12026023864746094,,1.4 GHz Quad-Core Intel Core i5,8 GB 2133 MHz
Thu Nov 26 15:05:34 2020,0.11758899688720703,,1.4 GHz Quad-Core Intel Core i5,8 GB 2133 MHz
Thu Nov 26 15:05:35 2020,0.12262201309204102,,1.4 GHz Quad-Core Intel Core i5,8 GB 2133 MHz
Thu Nov 26 15:05:36 2020,0.10313200950622559,,1.4 GHz Quad-Core Intel Core i5,8 GB 2133 MHz
Thu Nov 26 15:05:37 2020,0.11086702346801758,,1.4 GHz Quad-Core Intel Core i5,8 GB 2133 MHz
Thu Nov 26 15:05:38 2020,0.10907602310180664,,1.4 GHz Quad-Core Intel Core i5,8 GB 2133 MHz
Thu Nov 26 15:05:39 2020,0.10531783103942871,,1.4 GHz Quad-Core Intel Core i5,8 GB 2133 MHz
Thu Nov 26 15:05:40 2020,0.10784792900085449,,1.4 GHz Quad-Core Intel Core i5,8 GB 2133 MHz
Thu Nov 26 15:05:41 2020,0.11350083351135254,,1.4 GHz Quad-Core Intel Core i5,8 GB 2133 MHz
Thu Nov 26 15:05:43 2020,0.11402606964111328,,1.4 GHz Quad-Core Intel Core i5,8 GB 2133 MHz
Thu Nov 26 15:05:44 2020,0.11985611915588379,,1.4 GHz Quad-Core Intel Core i5,8 GB 2133 MHz
Thu Nov 26 15:05:45 2020,0.10343408584594727,,1.4 GHz Quad-Core Intel Core i5,8 GB 2133 MHz
Thu Nov 26 15:05:46 2020,0.10997819900512695,,1.4 GHz Quad-Core Intel Core i5,8 GB 2133 MHz
Thu Nov 26 15:05:47 2020,0.1066429615020752,,1.4 GHz Quad-Core Intel Core i5,8 GB 2133 MHz
Thu Nov 26 15:05:48 2020,0.11319327354431152,,1.4 GHz Quad-Core Intel Core i5,8 GB 2133 MHz
Thu Nov 26 15:05:49 2020,0.10540390014648438,,1.4 GHz Quad-Core Intel Core i5,8 GB 2133 MHz
Thu Nov 26 15:05:50 2020,0.1056818962097168,,1.4 GHz Quad-Core Intel Core i5,8 GB 2133 MHz
Thu Nov 26 15:05:51 2020,0.10374999046325684,,1.4 GHz Quad-Core Intel Core i5,8 GB 2133 MHz
Thu Nov 26 15:05:53 2020,0.10454988479614258,,1.4 GHz Quad-Core Intel Core i5,8 GB 2133 MHz
Thu Nov 26 15:05:54 2020,0.10532617568969727,,1.4 GHz Quad-Core Intel Core i5,8 GB 2133 MHz
Thu Nov 26 15:05:55 2020,0.11485981941223145,,1.4 GHz Quad-Core Intel Core i5,8 GB 2133 MHz
Thu Nov 26 15:05:56 2020,0.11630725860595703,,1.4 GHz Quad-Core Intel Core i5,8 GB 2133 MHz
Thu Nov 26 15:05:57 2020,0.1081991195678711,,1.4 GHz Quad-Core Intel Core i5,8 GB 2133 MHz
Thu Nov 26 15:05:58 2020,0.11151123,,1.4 GHz Quad-Core Intel Core i5,8 GB 2133 MHz
Thu Nov 26 15:05:59 2020,0.10652327537536621,,1.4 GHz Quad-Core Intel Core i5,8 GB 2133 MHz
Thu Nov 26 15:06:00 2020,0.10334491729736328,,1.4 GHz Quad-Core Intel Core i5,8 GB 2133 MHz
Thu Nov 26 15:06:02 2020,0.11022210121154785,,1.4 GHz Quad-Core Intel Core i5,8 GB 2133 MHz
Thu Nov 26 15:06:03 2020,0.1003408432006836,,1.4 GHz Quad-Core Intel Core i5,8 GB 2133 MHz
Thu Nov 26 15:06:04 2020,0.10455489158630371,,1.4 GHz Quad-Core Intel Core i5,8 GB 2133 MHz
Thu Nov 26 15:06:05 2020,0.11304283142089844,,1.4 GHz Quad-Core Intel Core i5,8 GB 2133 MHz
Thu Nov 26 15:06:06 2020,0.11199092864990234,,1.4 GHz Quad-Core Intel Core i5,8 GB 2133 MHz
Thu Nov 26 15:06:07 2020,0.11544299125671387,,1.4 GHz Quad-Core Intel Core i5,8 GB 2133 MHz
Thu Nov 26 15:06:08 2020,0.097410917,,1.4 GHz Quad-Core Intel Core i5,8 GB 2133 MHz
Thu Nov 26 15:06:09 2020,0.10494375228881836,,1.4 GHz Quad-Core Intel Core i5,8 GB 2133 MHz
Thu Nov 26 15:06:10 2020,0.10375404357910156,,1.4 GHz Quad-Core Intel Core i5,8 GB 2133 MHz